's-Hertogenbosch='s Hertogenbosch|Den Bosch
al-Qāhira=al-Qāhira|al-Qāhirah|Le Caire|Cairo
Albany, NY=Albany
Alcalá de Henares=Alcalá de Henares|Alcala de Henares|Alcala|Alcalá|en Alcala de Henares|Compluti|in Complutensi Academia|Alcala
Allendale, NJ=Allendale, NJ [etc.]: Alleluia Press
Alma-Ata=Almaty
Altenburg=Altenburgi
Altdorf=Altorfii|Altorfii Noricorum|Altorfi|Altorfii Noric|Altorfii Noricorvm|Altorf|Norimbergae et Altorfii|Altorfi[i]|Altorfii Noric.|Altorfii, Nor.|[Altorfii]|Altorffi|Altorfi Noric|Altorfi Noric.|Altorfi[i] Noric.|Altorfii Norimbergensium|Altorff|Altorfi Noricorum|Altorfi Noricorvm|Altorfi Noricum|Altorfi[i] Noricorum|Altorfii Nor.|Altorfii Noricorm|Altorfii Noricum|Altorfii Norimb.|Altorfii Norimbergensivm|Altorfii Nov.|Altorfio|Norimbergae et Altorfi|Norimbergae Et Altorfii|Altdorfii|Altdorfii Noricorum|Altdorfi|[Altdorf]|Altdorff|Altdorfii Noric.|Altdorfii Noricorvm|[Altdorf, Franken]|[Altdorfii]|Altdorfi[i]|Altdorffii|Altdorfii Noricum|[Altdorf / Franken]|[Altdorfi]|[S. l.] [Altdorf]|[S.l. Altdorf]|Altdorffi
Amberg=Ambergæ
# multi
Amberg=Amberg u. Sulzbach|Straubingen u. Amberg
Amsterdam=Amstelodami|Amstelodami,|Be-ʼAmśṭerdam|Amsterodami|Aemsteldam|ʼAmsṭerdam|Amsterd.|Amstelrodami|Amsterd|Amstredam|Be-ʼAmsṭerdam|A Amsterdam|Amstelaedami|Amsteldam|Te Amsteldam|Amstelædami|Te Amsterdam|Amsterdamo|À Amsterdam|t'Amsteldam|T'Amsterdam|t'Amsterdam|Amstelod.|Londres [i.e. Amsterdam?]|t' Amsteldam [Amsterdam]|te Amsterdam|A Amstelodami|Amstaelodami|Amsteldami|Amsterdam [u. a.]|Cologne [i.e. Amsterdam]|Londres [i. e. Amsterdam]|Londres [i.e. Amsterdam]|[Amsterdam]|a Amsterdam|à Amsterdam|Amsterdam sic!|Amsterdam u.a.|Amsterdami|be-Amsterdam|Eleutheropolis [Amsterdam ?]|t'Amsterdam [Amsterdam]|Tot Amsterdam|t' Amsteldam|te Amsteldam|T'Amsteldam|Amstelaed.|Amstelardami|Amsteledami|Amstelod|Amstelrædami|Prostant Amstelaedami|Amsteaedami|Amstaeledami|Amstalaedami|Te bekoomen te Amst.
# multi
Amsterdam=Amsterdam et Leipzig|A Amsterdam Et A Leipzig|Amsterdam & Leipzig|Amsterdam et Paris|Amsterdam, Paris|Amsterdam & Leipsig|A Amsterdam et a Leipsick|Amsterdam en Dordrecht|Amsteldam et Utrecht|A Amsterdam et a Leipzig|Amstelodami Et Trajecti Ad Rhenum|A Amsterdam & se trouve à Paris|A Amsterdam et se trouve a Paris|A Amsterdam et se trouve A Paris|A Amsterdam et se trouve à Paris|A Amsterdam, & se trouve A Paris|A Amsterdam, Et A Paris,|A Amsterdam, Et se trouve à Paris|Amsterdam - Paris|Amsterdam en Groningen|Amsterdam und Triest|Amsterdam, Heilbronn|Amsterdam, La Haye|Haarlem en Amsterdam|Amstelodami & Gedani
Ann Arbor, MI=Ann Arbor|Ann Arbor, UT|Ann Arbor, Mich.
Antwerpen=Antverpiae|Antverpeno|Antverpiae,|Antvverpen|Antwerp|Antwerpiae|Antwerpia|Anterpiae|Antuerpia|Antuérpia|Antuerpiae|Antuerpiae iuxta portam Camerae|Antuerpie|Anturpiae|Anvers|Anveres|Anuers|Hantwerpen|Palaeopoli Advaticorvm [i.e. Antwerpia]|Amberes|En Amberes|In Amberes|Antverpiæ|T' Antwerpen|T'Hantwerpen
# multi
Antwerpen=Antverpiae, Viennae|Parisiis et Antverpiae|Viennae [Antwerpen, Wien]
Arnstadt=Arnstadii|Arnstadia
# multi
Arnstadt=Arnstadt und Rudolstadt
Athens=Athēna|Athēna|Athēnai|En Athēnais|Athēnai|Athen|Athena|Athenai|Athenais|Athēnais|Athene|Athènes|Athènes|Athēnēsi|Athēnēsin|Athī'na|Athīna|Athī́na|Athēnais|en Athēnais
Atlantic Highlands, NJ=Antlantic Highlands, NJ|Atlantic Highland, NJ|Atlantic Highlands], NJ
Augsburg=Augspurg|Augsb.|Augsbourg|Augustae Vindel.|Augustae Vindelicorum|Aug. Vind.|Aug. Vindel.|Augustæ Vindelicorum|Augusta Vindelicorum|Augustae, Vindelicorum|Augustae Vindel|Augustae Vindelicae|Augustæ-Vindelicorum|Augstae Vindelicorum|Aug. Vindelicorum|Augustae Vindelicorum [Augsburg]|[Augsburg]|... se trouvé a Augsbourg|[S.l. Augsburg]|Augspurg [Augsburg]|a Augsbourg|[Augspurg]|Augsburg.|in Augsburg|Preßburg und Freystadt [i.e. Augsburg]|Germanien [i.e. Augsburg]|Philadelphia [i.e. Augsburg]|Zu finden in Augspurg|... se trouve à Augsbourg|(Augsburg)|A Augsbourg|Augsbburg|Augsburg [u. a.]|Augsburg u.a.|Augustæ Vindelicorum [Augsburg]|Constantinopel=Augsburg|Elles se vendent à Augsbourg
# multi
Augsburg=Augustæ Vindelicorum & Græcii|Augustae Vindelicorum & Dilingae|Augustae Vindelicorum et Dilingae|Augustae Vindelicorum et Oeniponti|Augustae Vindelicorum et Graecii|Augustæ Vindelicorum Et Wirceburgi|Augustæ Vindel. & Ratisbonæ|Augustae Vindel. et Cracoviae|Augustae Vindelic. et Friburgi Brisg.|Augustæ Vindelicorum & Friburgi Brisgojæ|Augustae Vindelicorum Et Cracoviae|Augspurg und Grätz|Augsburg und Innsbrugg|Augsburg und Innsbruck|Augspurg und Dillingen|Augsburg u. Innsbrugg|Augspurg und Graez|Augsburg und Leipzig|Augsburg, und Innsbruck|Augspurg und Ynsprugg|München, Ingolstadt, und Augspurg|Augspurg u. Ingolstadt|Augspurg und Würtzburg|Augspurg [Augsburg] und Innsprugg [Innsbruck]|Augspurg und Gräz|Augspurg und Insprugg|Augspurg und Ynnsprugg|Augustae [Augsburg] et Oeniponte [Innsbruck]|Augsburg und Gunzenhausen|Augsburg und Innsbrug|Augsburg und Ynnsbrugg|Augustae Vindelicorum et Graecii [Augsburg und Graz]|Augspurg u. Innsbruck|Augspurg und Graetz|Augspurg und Grätz Philipp|Augspurg und Gretz|Augspurg und Innsbrug|Augspurg und Jnnspruck|Augspurg und Regenspurg|Augspurg und Yhnsbruck|Augspurg und Yhnsprugg|Augspurg, und Grätz|Costanz und Augspurg|Saltzburg und Augspurg|Strassburg und Augspurg|Augsbourg & Memmingue|Augsbourg et Elwang|Augsburg & Innsbrugg|Ingolstadt, und Augsburg|Philadelphia, Augsburg
Austin, TX=Austin
Avignon=Avignion|Avignone
Baden-Baden=Baden Baden
Bagdad=Baġdād.|Baġdād|Baghdad|Baghdad?|Baghdād|Bag̣dād
Baku=Baky|Baki|Bakı
Baltimore, MD=Baltimore
Bamberg=Bambergae|[Bamberg]|Bambergae u.a.|Bambergæ|[Bamberg?]|[Bambergae]|Bambberg|Bambercæ
Basel=Basil|Basil.|Basiliae|Poh Basileʼah [Basel]|Basileae|Basle|A Basle|À Basle|à Basle|Basle en Suisse|Basileæ|Basilae|Basilea|Basilaeae
Bassano del Grappa=Bassano|Bassani|In Bassano|[Bassano]|Bassan|Bassania
# multi
Bassano del Grappa=Bassani, Venetiis|Padova, Bassano
Bautzen=Budyšin
Bayreuth=Baireuth|Bayreuth i. Hof.
# multi
Bayreuth=Bayreuth udn Leipzig|Bayreuth und Onolzbach|Leipzig und Bayreuth
Beijing=Běijīng|Peking|Pekin
Belgia=Belgium
Belém=Belem|Bellem
Beograd=Belgrade|Belgrad|A Belgrade u.a.|Bellgrad
Berkeley, CA=Berkeley|Berkeley [, Calif. etc.]|Berkeley [etc.], CA|Berkeley, Calif.etc|Berkely|Berkley|Berkeley, Calif.
Berlin=Berlijn|Berolini|Berlin etc|Berlin etc.|Berlim|[Berlin]|Westberlin|Warschau [i.e Berlin]|A Berlin|Berlin u.a.|[S.l. Berlin]|(Berlin)|Rom [i.e. Berlin]|Berlin [u. a.]|Berlino|à Berlin|In Berlino|[Berlin ?]|[S.l. Berlin?]|À Berlin|A Cythere [i.e. Berlin]|Californien [i.e. Berlin]|Gedruckt an der österreichischen Gränze [i.e. Breslau]|Germanien [i.e. Berlin]|Ibi-ubi [i.e. Basel]|Jerusalem [i.e. Berlin]|Regenspurg [i.e. Berlin]|Ulietea [i.e. Berlin]
# multi
Berlin=Berlin und Stettin|Berlin und Leipzig|Berlin und Stralsund|[Berlin und Leipzig]|Berlin und Libau|Berlin und Wien|Berolini et Francofurti ad Oderam|Berolini et Lipsiae|Berolini, Francof. & Lipsiæ|Berlin u. Stettin|Berlin et A la Haye|Berlin, Wien|Berlin  und Stettin|Berlin; Stettin|[Berlin und Stettin]
Bern=Berne|Bernae|[Bern]|A Berne|Se vend A Berne|Berna|[Berne]|A Bernes|A Chambery [i.e. Bern]|Gedruckt im Vaterlande [i.e. Bern?]
Beverly Hills, CA=Beverley Hills, CA
Beverly Hills, CA=Beverly Hills
Biała Podlaska=Biała-Podlaska
Białystok=Belastok
Białystok=Bialistok
Białystok=Bialystok
Bielefeld=Bielefield
Bielsko-Biała=Bielitz
Bielsko-Biała=Bielsko Biała
Bloomington, IN=Bloomington
Boca Raton, FL=Boca Raton
Bogotá=Bogotá|Bogota
Bogotá=Santafé de Bogotá
Bologna=Bononiae|Bononiae Studiorum
Bolzano=Bozen
Bonn=Bonnae|Gedruckt und zu bekommen in der Churf. Residentz-Statt Bonn|[Bonn]
Boston, MA=Boston
Boulder, CO=Boulder|Boulder, Col.;
Braniewo=Brunsbergae|Brunsbergæ
Bratislava=Vratislaviae|Wratislaviae|Pozsony|Posonii|Preßburg|Posonij|Poson|[Posonii]|Posonyban|Posonban|Posonii [Preßburg]|Posony|Pozsonyban|[Pozsonyban]|Pozson|Pozsonbann|Pozsöny|Presburg|W Presspurku|(Pressburg)|[S.l. Pressburg]|Pressburg|Pressburgo|W Pressburku|Pressbourg|Presbourg|W Presspůrku|Frankfurt und Leipzig [das heißt Preßburg]|[Preßburg]|[S.l. Preßburg]|Poszony|Vratislaviæ|Wratislavia|Vratislavia|We Wratislawe|Wratislawiae
# multi
Bratislava=Posonii et Cassoviae|Pozsony es Komarom|Pozsonban és Komáromban|Pozsony, Pest|Pozsonyban es Komaromban|Pozsonybau & Pesten|[Wien Und Presburg]|Wien und Presburg|Leipzig und Preßburg|Preßburg u. Leipzig|Preßburg, Pest, und Kaschau|Wien und Preßburg|Wratislaviae & Lipsiae|Vratislaviae & Lipsiae|Vratislaviae et Lipsiae|Wratislaviae et Lipsiae
Braunschweig=Brunsvigae|Brunsvic|À Brunsvick|Brunsvicae|Brunsvici|Brunsvigæ|[Braunschweig]|[Braunschweig?]|[S.l. Braunschweig]|Braunschweig]|Germanien [i.e. Braunschweig]|Brunsuic|Brunswick|Brunswigae|Brunsuiga|Brunswic|Brunswigæ
# multi
Braunschweig=Brunsvigae et Lipsiae|Braunschweig und Hildesheim|Wien u. Braunschweig|Braunschweig u. Hildesheim|Braunschweig und Helmstädt|Braunschweig und Helmstedt|Braunschweig und Wolfenbüttel|Strasburg, Braunschweig|Hambourg et Brunswick|Hildesiae Et Brunsuigiae
Bremen=Bremae|Bremæ|A Bremen|Breme
# multi
Bremen=Hamburg u. Bremen|Hamburg und Bremen|Leipzig und Bremen|Bremen und Leipzig
Brescia=Brixiae|Brixiæ|Brixinae|Brixinæ|Brixie
Brno=Brünn|V Brne|Brunae|Bruna|Brunae in Moravia|Brunae Moravorum|[Brünn]|[S.l. Brünn]|Brün|Brün[n]
# multi
Brno=Viennae et Brunae|Wienn und Brünn|Wienn u. Brünn|Brünn und Ollmütz|Prag, Brünn und Ollmütz|Prag, Brünn, und Ollmütz|Troppau, Brünn, Wien|Wien u. Brün|Wien und Brün [Brünn]|Wienn & Brünn
Brugge=Bruges
Bruxelles=Brussel|Brussels|Brüssel|Brussel,|Brusselle|Brüssel|Brussel etc.|Bruxellis|Bruxella|Bruxelas|Bruxellae|Bruxelle|Bruxells|Bruxeles|Bruxellæ|Bruxelles, Belgique|Bruxellles|Bruxellas|Ixelles lez Bruxelles|Ixelles-Bruxelles|Bruxelles, av. Van Volxem 305|Bruxelles, et dans les principales villes de l'étranger|... Bruxelles|Bruxelles (Rue de Ruysbroeck 2-6)|A Bruxelles|Et À Bruxelles|[Bruxelles]|[S.l. Bruxelles]|A Bruxelles [Brüssel]|Bruxelles [Brüssel]|... à Bruxelles|à Bruxelles|À Bruxelles|A' Bruxelles|Bruxelles [u. a.]|Bruxelles u.a.|Brusselas|Brusselles|Tot Brussel|A Brusselles|A Brusselle|Brussele|En Bruselas|[Brüssel]|[S.l. Brüssel]
# multi
Bruxelles=Bruxelles et Paris|Paris, Bruxelles|A Bruxelles Et se trouve à Liége|A Paris , & se trouve ... à Liege ... à Bruxelles|Paris et Bruxelles|Bruxelles-Paris
Bucureşti=Bucarest|Bucureşti|București|Bucharest|Bukarest|Bucureștii|Bcuurești|Bukarest [București]
Bucureşti=Bucuresti|București
Bucureşti=Bucuręsti
Buda=Budae|Budae [Budapest]|Budæ|[Budae]|[S.l. Buda]|Budæ in Hungaria|Budan|Budán|Veterobudae|Vor dem Petersthore in der großen Bude
# multi
Buda=Budán, és Nagy-Szombatban
Pest=Pesth|Pest|Ofen|Pestini|Pesthini|Pesten|[Pest]|[Pesth]|Pesthenn|Germanien [i.e. Pest]|Ofen u. Pest|Pest [Budapest]|Strasburg [i.e. Ofen]|Pest und Ofen|[S.l. Pest]|Pestenn
# multi
Pest=Ofen [Budapest] und Tyrnau|Pest, Neustrelitz|Pest und Ofen|Ofen u. Wien|Wien und Ofen|Posonyban es Pesten|Pest und Leipzig|Pest und Wien|Posonii et Pestini|Posonyban És Pesten
Budapest=Budapestini|Budapeszt|Budapešt|Budapestini|Budapesta|Budapest [Budapesta]|[Budapest]|Budapesten|[Budapest u.a.]|Budapest.|Budapest u.a.|Budapesto|Budapest [usw.]|Budapesti
Buenos Aires=Buenos Ayres|Buenos Aires, Argentina|Buenos-Ayres|Ciudad Autónoma de Buenos Aires|Ciudad de Buenos Aires|Buenos-Aires|C.A.B.A. [i.e. Ciudad Autónoma de Buenos Aires]|Buenos Aires, República Argentina|Bs. As. [i.e. Buenos Aires]|Buenos aires|Ciudad Autónoma de Buenos Aires|CABA [i.e. Ciudad Autónoma de Buenos Aires]|Buenos Aires, República Argentina|San Martín (Buenos Aires)|Buenos-Ajres|Buenos Aires: Emecé|Buenos Aries
Buffalo, NY=Buffalo|Buffalo, NJ
Bydgoszcz=Bromberg
Cambrai=Cambray
Cambridge=Cambridge [Eng.]|Cambridge University Press|Cantabrigiae|Cantabrigiæ|Cantabirgiae
Cambridge, MA=Cambridge, Mass.
Cape Town=Kaapstad
Chapel Hill, NC=Chapel Hill
Chicago, IL=Chicago|Chicago, Ill.
Chisinau=Kišinev|Kisinèu|Kisinev|Kisineu|Kišinėu|Kišinèu|Chişinău|Chişinǎu|Chisinau, Rep. Moldova|Chisinău|Chišinǎu|Chišinȧu|Chișinău|Chișinău|Chisinau (Moldova)|Kišinev|Kišinev'|Kišinev''|Kišinèu|Kišineu|Kišiniev|Kišinėu|Kišinièu|Kišinëv|Kišiněu|Kišinèv|Kichinev|Kishinev
Chur=Coira
Cincinnati, OH=Cincinnatti, OH|Cincinatti|Cincinnati
Circle Pines, MN=Circel Pines, MN
Cleveland, OH=Cleveland|Cleveland, O.|Kleveland, Ohajo
Coburg=Coburgi|Deutschland [i.e. Coburg]
# multi
Coburg=Coburg und Leipzig
Coimbra=Conimbricae
Columbus, OH=Columbus
Częstochowa=Częstochowie|Czestochowa
Damascus=Dimašq|Damaskus
Delft=Delf|Delf.
Den Haag='s Gravenhage|'s-Gravenhage|'S-Gravenhage|The Hague|'s Graven-Hage|'s Hage|'sGravenhage|'sGravenhage,|'s Graavenhaage|La Haye|La Haye.|la Haye|la Haye.|ʹs-Gravenhage|'s-Gravenhage etc.|s'-Gravenhage|s'Gravenhage|s̕-Gravenhage|`s-Gravenhage|A La Haye|A la Haye|La-Haye|a la Haye|a La Haye|Haya|Haye|Nell'Haya|[A La Haye]|All' Haya|La Haya|Gravenhage|In 's Gravenhage|s'Graavenhaage|Graavenhaage|'s Gravenhaage|s Graavenhaage|s' Gravenhage|s'Gravenhaage|S'Gravenhage, La Haye|sGravenhage|Hagae Comitum|Hagae-Comitum|Hagæ Comitis|Hagæ Comitum|Hagae|Hagae-Comitis|Hage|Hagae Comitis|Hagæ-Comitum|[S.l. Hagae Comitum]|<<'s>> Gravenhage|Graavenhage|Hagæ|Hagae Batavorum|Hagae-Comitam|Hagae-Comitvm|Hague|In's Hage|La Hagya|La Haie|A la Haie|A La Haie|à la Haie|A La-Haie|Haie|London [i.e. Den Haag]|London [i.e. Den Haag?]
Detroit, MI=Detroit|Detroit, UT
Dordrecht=Dordrecht|Dordrecht,
Dresden=Dressden|Dresdae|Dresde|Dresden?|Dreßden|Londres [i.e. Dresden]|Teutschland [i.e. Dresden]|A Dresde|[Dresden?]|Dresda|à Dresde|[Dresden]|Imprimé a Dresde|(Dresden)|A Dresda|Dresdæ|Dresdiae|Dreßden [Dresden]|Misenae prope Dresdam|Teutschland [i.e. Dresden]|Drsdae
# multi
Dresden=Dresden und Prag|Dresden u. Leipzig|Dresden et Leipzig|Dresden u. Leipzgi
Dublin=Dublinii
Duisburg=Duisburgi ad Rhenum|Duisburgi ad Rh.|Duisburgi ad Rhen.|Duisburgi Ad Rhenum|Dvisbvrgi ad Rhenvm|Teutoburgi ad Rhenum|Tevtobvrgi Ad Rhenvm|Duisburgi a. Rh.|Duisburg am Rhein|Duisburgi|Duisburg am Rhein]|[Duisburg]|Duisburg a. Rh.|Duisburg a. Rhein|Duisburgi a. R.
# multi
Duisburg=Amstelodami et Duisburgi|Duisburg und Franckfurt|Duisburg und Frankfurth.
Düsseldorf=Düsseldorf|Dusseldorpii|A Dusseldorff|Düsseldorff|Düsseldorpii|Maltha und Cairo [i.e. Düsseldorf]
# multi
Düsseldorf=Düsseldorf und Aachen|Leipzig u. Düsseldorf|Leipzig und Düsseldorf
East Orange, NJ=Orange, NJ
Edinburgh=Edinburgi|Edimbourgh|Edimburg|Edimburgi|Edinburg|Edingburgh|Edingurgh
Egypt=Ägypten
Englewood Cliffs, NJ=Eaglewood Cliffs, NJ|Engelewood Cliffs, NJ|Englewood Cliff, NJ|Englewood Cliffe, NJ|Englewood cliffs, NJ|Englewood Cliffs, NJ: Prentice-Hall|Englewood Cliffs, NJ: Prentice-Hall International|Englewood Clifs, NJ|Englewood, Cliffs, NJ|Englewood-Cliffs, NJ|Englewoods Clifs, NJ|Enlewood Cliffs, NJ|Enlewood, Cliffs, NJ
Englewood Cliffs, NJ=Englewood Cliffs
Erfurt=Erfordiae|Erfurti|Erfurth|[Erfurt]|[Erfurt?]|[Erfurti]|Erfordiae [Erfurt]|Erfurthi|Germanien [Erfurt]|Germanien=Erfurt|Erfordiæ|Erforti|Erfodiae|Erfordia|Erfordiae [Erfurt]|Erford|Erfurdiae|Erffurt|Erffurth|Erffurti
# multi
Erfurt=Altenburg und Erfurt|Erfurt und Leipzig|Stutgard und Erfurt|Erfordiae et Gothae
Erlangen=Erlangae|Erlang|[Erlangen]|A Erlang|[Erlangae]|A Erlang.|Erlanga|Germanien [i.e. Erlangen]
Ferrara=Ferrariae|Ferraria|In Ferrara
Firenze=Florence|Fiesole (Firenze)|Scandicci (Firenze)|Fiesole|Florentiae|Fiorenza|In Firenze|[Firenze]|in Firenze|[In Firenze]|Firence|Firenze u.a.|Firenze.|Florenz|Florentinae|A Florence|[Florenz]|Florentiæ|Florentz|à Florence|Florentia|Florentine
# multi
Firenze=Firenze, Lisbona e Lucca
Fort Collins, CO=Ft. Collins, CO
Freiburg=Freiburg im Breisgau|Freiburg i. Br.|Freyburg|Freyburg i. Br.|Freyburg im Breisgau [Freiburg im Breisgau]|Freyburg Im Breisgau|Freyburg im Breysgau|Friburgi Brisgoviae|Friburgi Brisg.|Friburgi Brisgojae|Friburgi Brisgoiae|Friburgi|Friburgi a. Br.|Friburgi Br.|Friburgi Brisgoviæ|Friburgi, Brisgoviae|Frib. Brisg.
# multi
Freiburg=Augsburg und Freyburg im Breisgau|Augsburg und Freyburg in Breisgau|Augspurg und Freyburg im Breißgau|Augspurg und Freyburg im Brißgau|Augustæ Vindel. & Friburgi Brisgojæ|Augustae Vindelicorum et Friburgi Brisg.|Augustae Vindelicorum Et Friburgi in Brisgoja|Augustæ Vindelicorum, Et Friburgi In Brisgoja|Friburgi & Aug. Vind.|Augustae Vind. & Frib. Brisg.|Augustae Vind. et Frib. Brisg.
Fribourg=Fribourg en Suisse|Fribourg Suisse
Franeker=Franequerae|Franeqveræ|(Frjentsjer|Frentsjer|Freantsjer) [Franeker]|Frjentsjer|Franekerae|Franequeræ
Frankfurt am Main=Frankfurt a. M.|Frankfurt a.M|Frankfurt a.M.|Frankfurt a. M|Frankfurt a.M.|Francofurti|Frankfurt|Frankfurt (Main)|Francofvrti|Franckfurt am Mayn|Francoforti|Franckfurt am Mäyn|Francofurti ad Moenum|Francofvrti ad Moenvm|Francofurti Ad Moenum|Franckfurt|Francofvrdi|Francfort|Franckfort am Mayn|Frankfurt am Mayn|Francofvrti ad Moenum|Francofordiae|Franckfurt am Mann|Francourti|Francoforti ad Moenvm|Franckfurth|Prostat Francofurti|Franckfurt a. M.|Francof.|Frankfurt/M.|Frankfurt, Main|Frankfurt/Main|Frankfurt, M.|Frankfurt/M|Francofurti a. M.|Frankfurt a. Main|[Frankfurt am Main]|Gedruckt zu Franckfurt am Mayn|[Frankfurt/M.]|Getruckt zu Franckfurt am Mayn|Frankfurt / Main|Francofurti ad M.|Frankfurt (am Main)|Francofurdi|Frankfurth|Francofvrti Ad Moenvm|Franckfurth am Mayn|[Frankfurt]|Franckfort a. M.|Francoforti ad Moenum|[Frankfurt/M]|Francofurttum|Frankfurt u.a.|[Frankfurt, M.]|Cölln am Rhein [i.e. Frankfurt am Main]|Frankfurt am  Mayn|Frankfurta a. M.|Frankfurth a. M.|[Frankfurt a. M.]|[S.l. Frankfurt]|Cölln [i.e. Frankfurt am Main]|Frankfurt a. Mayn|Frankfurt am Maine|Frankfurt am MAyn|Frankfurth am Mayn|[Frankfurt am Main ?]|[Frankfurt am Main?]|[Frankfurt/Main]|[S.l. Frankfurt / Main]|[S.l. Frankfurt am Main]|[S.l. Frankfurt, Main]|A Salomonopolis [i.e. Frankfurt]|Cöln [i.e. Frankfurt]|Cöln am Rhein [i.e. Frankfurt am Main]|dahier [Frankfurt a. M]|Deutschland [i.e. Frankfurt / Main]|Deutschland [i.e. Frankfurt, Main]|Deutschland recte Frankfurt|Franckfurt am Mayn [Frankfurt, Main]|Franckfurth am Mäyn [Frankfurt, Main]|Francofurti [Frankfurt]|Frankfort|Frankfurt|Frankfurt [Frankfurt, Main]|Frankfurt [u. a.]|Frankfurt / M.|Frankfurt|Frankfurt a/M|Frankfurt aam Main|Frankfurt am M.|Frankfurtam Mayn|Frankfurth am M.|Frankfurth an dem Main|Frankfurti|Frankoforte|Frankurt am Main|Freystadt [i.e. Frankfurt]|Utopien [i.e. Frankfurt am Main]|Zu Frankfurt am Mayn|Francofurti u.a.|Francofurti [u. a.]|Francofurti a. M. u.a.|Francofurti ad Moenvm|Francofort|Francoforte|Francofurt|[Francofurti Ad Moenam]|Francof. Ad Moenum|Francofordiae a. M.|Francofort M.|Francoforte a, M.|Francoforte M.|Francoforti a. M.|Francofruti u.a.|Francofurt ad Moenum|Francofurti a M.|Francofurti ad Maenum|Francofurti ad Moen|Francofurti ad Mœnum|Francofurtki u.a.|Francofurto u.a.|Francofvrti Ad Moenum|Francoufurti ad Moe.|Francfort sur le Mein|Francfort sur le Meyn|Francfort a. M.|Francfort s. M.|Francfort sur le Mayn|A Francfort|A Francfort sur le Mayn|Francfort/M.|à Francfort|A Francfort Et A Mayence|à Francfort sur le Main|A Francfort sur le Meyn|Francfort s. l. Mein|Francfort sur le Main|Francfort Sur Le Mayn|Francfurt|Franckfurth a. M.|Franckfurt am Maeyn|Franckfurt a. Mayn|Franckfurt am M.|Franckfurt am Main|[Franckfurt am Mayn]|[Franckfurt]|Franckfurt a.M.|Franckfurt Main|Franckfurt u.a.|Franckfurth a/M.|Franckfurth u.a.|Franckgurth u.a.|Franckofurti|in Franckfurt am Mayn|Zu Franckfurt am Mayn|Zu Franckfurth am Mayn|Franckfurth etc.|Frankfurt|Ṿranḳfurṭ de-Mayn|Fanckfurt am Mayn|Francofurti ad Mogum|Francofurti at Moenum|Frankfurt|Franvkfurt
# multi
Frankfurt am Main=Frankfurth und Leipzig|Frankfurt und Leipzig|Franckfurt und Leipzig|Frankfurt u. Leipzig|Francofurti et Lipsiae|Francofurti & Lipsiae|Francofurti Et Lipsiae|Francofurti & Lipsiæ|Francofurti Et Lipsiæ|Francofvrti Et Lipsiae|Francofurti et Lipsiæ|Francof. Et Lipsiae|Francofvrti et Lipsiae|Francofvrti & Lipsiae|Franckfurth und Leipzig|Frankfurt und Mainz|Frankfurt, Leipzig|Frankfurt & Leipzig|Frankfurt und Leibzig|Frankfurt am Mayn und Maynz|Frankfurt und Nürnberg|Augspurg, Frankfurth und Leipzig|Cana in Galiläe [i.e. Frankfurt u. Leipzig]|Cleve und Frankfurt|Franckfurt [Frankfurt, Main] und Leipzig|Franckfurth [Frankfurt, Main] und Leipzig|Frankf. [das heißt Frankfurt am Main] und Leipzig|Frankfurt a. M, Esslingen|Frankfurt am Mayn und Leipzig|Frankfurt u. Berlin|Frankfurt u. Mainz|Frankfurt u. Maynz|Frankfurt u.s.w., Rohrbach|Frankfurt und Leipzeig|Frankfurt und Worms|Frankfurt, undLeipzig|Frankfurth [Frankfurt, Main] und Leipzig|Frankfurth [Frankfurt] und Leipzig|Frankfurth und Lepizig|Frankfurth, Leipzig|Leipzig u. Frankfurt|Mainz und Frankfurt|Mainz und Frankfurt am Main|Maynz und Frankfurt|Preßburg, Frankfurt u. Wien|Ulm Frankfurt und Leipzig|Wien, Frankfurt und Leipzig|Lipsiae et Francofurti|[Francofurti Et Lipsiae]|Francof. & Lipsiae|Lipsiae Et Francofurti|Coloniae et Francofurti|Francofurthi et Lipsiae|Francofurti Ad Moenam|Francofurti, & Lipsiæ|Lipsiae et Francof.|Augustæ Vindelicorum, Dilingæ & Francofurti|Bambergae & Francofurti|Colonia e Francoforte|Coloniae und Francofurti|Coloniae, Francofurte e Lipsia|Francofort & Leipsic|Francoforti et Lipsiae|Francofurti a. M. et Moguntiae|Francofurti at Lipsiae|Francofurti et Giessae|Francofurti et Lipsio|Francofurti et Moguntiae|Francofurti et Susati|Francofurti und Lipsiae|Francofurti, Lipsiae|Francofurti, Lipsiae et Ulmae|Francofvrti Ad Moenvm Et Herbornae|Francofvrti Et Lipsiæ|Giessae & Francofvrti|Giessae et Francofurti|Lipsiae Et Francofvrti|Moguntiae et Francofurti|Moguntiae et Francofurti ad Moenum|Noribergae et Francofurti|Cöllen und Franckfurt|Franckfurt & Leipzig|Nürnberg und Franckfurt|Nürnberg und Franckfurth|Franckfurt und Regenspurg|Prostat Franckofurti & Lipsiæ|Coelln und Franckfurt|Coelln und Franckfurth|Cölnn und Franckfurt|Franckf. am Mayn und Leipzig|Franckf. und Leipz.|Franckfort und Leipzig|Franckfurht und Leipzig|Franckfurt & Leipzig.|Franckfurt am Mayen und Leipzig|Franckfurt und Erlang|Franckfurt und Leipzig/|Franckfurt und Lepizig|Franckfurt und Lepizig|Franckfurt und Maynz|Franckfurt, Leipzig|Franckfurth a. M. u. Leipzig|Franckfurth und Christ. Erlang|Gießen und Franckfurt|Leipzig und Franckfurt|Nürnberg, Franckfurth und Leipzig|Ulm Franckfurt und Leipzig|Ulm, Franckfurt, Leipzig|Zelle, Franckfurt und Leipzig|Zu Franckfurth und Leipzig|Francfort et Leipzig|Francfort et Leipsic|La Haye & Francfort a. M.|Hambourg et Francfort|A Francfort & Leipsic|Francfort & Leipsic|A Francfort, Et se trouve a Paris|A La Haye & à Francfort sur Meyn|A La Haye & Francfort|A La Haye et se vend A Francfort|Cologne et Francfort|Francfort & Leipzig|Francfort & Leypzig|Francfort et la Haye|Francfort et La Haye|Francfort et Leipzic|Francfort et Offenbach|Francfurt und Leipzig|La Haye et Francfort|La Haye Et Francfort|Rastadt, Paris, Berlin, Francfort, Leipzig
Frankfurt an der Oder=Francofurti ad Oderam|Francofordiae ad Oderam|Francofurti a. O.|Franckfurt an der Oder|Francofurti ad Viadrum|Francofurti cis Viadrum|Francofvrti ad Viadrvm|Francofordiae Marchionum|Francofurti Marchionum|Franckfurth an der Oder|Francofordiae Marchionvm|Frankfurt a. O.|Trajecti ad Viadrum|Trajecti a. V.|Trajecti ad Viadum|Trajesti ad Viadrum|Francofurti a. V.|Francof. a. V.|Francoforti a. V.|Francofurti ad Viadr.|Francofurti ad V.|Francofurti ad Viad.|Francofurti Ad Viadrum|Francofurti a. Viadrum|Francofurthi ad Viadrum|Francofurti a. Viad.|Francofurti ad Od.|Francofurti ad viadrum|Francofurti ad Viardum|Francofurti ad Viarrum|Francofurti ad Vidrum|Francofurti cis-Viadrum|Francof. ad Viadrum|Francofvrti Ad Viadrvm|Francof. ad Viadrvm|Francof. Ad Viadr.|Francofurt ad Viadrum|Francofvrti cis Viadrvm|Francofvrti ad Viadrvum|[Frankfurt, Oder]|[S.l. Frankfurt, Oder?]|Frankfurt a. d. O.|Frankfurt a. d. Od.|Frankfurt a. d. Oder|Frankfurt a.d. O.|Frankfurt a.d. Oder|Frankfurth a.d. Oder|Villa Franca [das heißt Frankfurt an der Oder]|Franckfurt a. O.|Franckfurt a.d. Oder|Franckfurth a.d. Oder|Franckfurt a. d. O.|Franckfurth an d. Oder
Gdańsk=Danzing|Dantzig|Dantzigk|We Gdansku|Gdan'sk|Gdansku|Dantisci|Gedani|Danzig|[Danzig]|[S.l. Danzig]|Heliopolis [i.e. Danzig?]
# multi
Gdańsk=Danzig und Leipzig|Gedani et Lipsiae
Gdynia=Gdiniô
Genève=Geneva|Genève|Genevae|Coloniae Allobrogum|Genéve|Geneve|Genéve|Genf|A Geneve|Genevæ|[Geneve]|[S.l. Geneve]|a Geneve|A Geneve [fingiert]|Coloniæ Allobrogum|A Genève|[Genève]|À Genève|Genff
# multi
Genève=Lausanne et Geneve|À Geneve, Et Se Trouve À Paris|Lausannae et Genevae|Copenhague et Geneve|Geneve et Paris|Geneve, Paris|A Lausanne & A Geneve|Geneve & Paris|Lausannae & Genevae|Lausanne & Geneve|Londres et Geneve|Londres, Geneve|Coloniae Allobrogum & Lugduni|A Genève [Genf] et a Paris|Genf, Heidelberg
Gent=Gand
Gera=Gerae|Germanien [Gera]|Germanien=Gera
# multi
Gera=Gera und Leipzig|Leipzig & Gera|Leipzig, Gera|Miraviglia, Gera
Germany=Niemcy
Gießen=Giessen|Giessae|Giessae Hassorum|Giesen|Giessae-Hassorum|Giesae|Giessae Cattorum|Giessae Hass.|Giessæ|Giessae-Hassorvm|[Gedruckt Giessen]|[Giessen]|Giessa|Giessa-Hassorum|Giessae Cattorvm|Giessæ Hassorum|Giessae-Cattorum|Giessæ-Hassorum|Giesse - Hassorum|Gissae|Gissae Hassorum|Gissae-Hassorum|Gissae Hass.|Gissæ-Hassorum|Gissæ-Hass.|Gissae-Hass[orum]
Glasgow=Glasguae|Glascow
Gliwice=Gleiwitz|Glivice
Gorzów Wielkopolski=Gorzów Wlkp.|Gorzów Wlkp. [Wielkopolski]|Gorzów|Gorzów [Wielkopolski]|Gorzów Wlkp.[Wielkopolski]|Gorzów Wlkp. [Wielkopolski|Gorzów Wlkp|Gorzów Wlkp [Wielkopolski]|Gorzów [Wielkopolski|Gorzów Wielkopolskie|Gorzów Wilekopolski
Gotha=Gothae|[Gotha]|(Gotha)|Gothæ|Teutschland [das heißt Gotha]
# multi
Gotha=Francofurti, Lipsiae & Gothae|Gotha und St. Petersburg|Gotha u. Weimar|Gothæ & Lipsiæ|Paris et Gotha|Weimar und Gotha
Grand Rapids, MI=Grand Rapids, UT
Greifswald=Gryphiswaldiae
Groningen=Groningae|Groningæ|Groningæ,|Groningue|Grins [Groningen]
Görlitz=Gorlicii|Gorlici
Göteborg=Göteborg
Göttingen=Göttingen|Göttingen,|Gottingae|Goettingae|Hardegsen bei Göttingen|Göttingen, Niedersachs|Göttingen: Kunstsammlung der Universität|Göttingen, Fed. Rep. of Germany|Göttingen, Rep. Fed. de Alemania|Lief. Göttingen|Göttingen-Grone|À Gottingue|Gottingue|A Gottingue|Gottinga|Gotingae|Gottigae|Gottingæ|Göttingae|Goettingen|[Göttingen]|Gedruckt Göttingen|Göttinge|[S.l. Göttingen]|Goettingæ|Goettingue|Gotttingae
# multi
Göttingen=Göttingen und Gotha|Hanoverae & Gottingae|Goettingae Et Gothae|Gottingae et Gothae|Gottingae et Lipsiae|Göttingen und Lemgo|Göttingen und Bern|Göttingen und Leipzig|Göttingen und Leipzig|Göttingen und Bern
Graz=[Graz]|Grätz|Graecii|Gratz|Græcii|Graecij|Gräz|Græcij|[S.l. Graz]|Grätz [Graz]|Graetz|Graecii [Graz]|Graez|Graizae|[ Thal(Graz)]|[S.l. Graz?]|Gracij|Græcii [Graz]|Graecij [Graz]|Græcij [Graz]|Grätz|Gräz [Graz]
# multi
Graz=Augustae Vindel. et Graecii|Augustae Vindelicorum et Graeciae
Gütersloh=Gütersloh
Głogów=Glogau
Haarlem=Haerlem|Haarlem,
Halle=Halae|Halae Magdebvrgicae|Halae Magdeburgicae|Halae Magdeb.|Halæ Magdeburgicæ|Halæ Magdebvrgicæ|Halae Magdeb|Halæ Magdeb|Hali Magdeburskiey|Halae Magdeburg.|Hallae Magdeburgicae|Hala Magdeburgica|Halae Magdebvrg|Halæ Magdeb.|Recvsa, Halae Magdebvrgicae|Halle a. S.|Halle (Saale)|Halle/Saale|Halle a.d. S.|Halle <Saale>|Halle, Saale|Hallein|Halle im Magdeburgischen|Halle a. d. S.|[Halle]|Halle i. Magd.|Halle an der Saale|Halle a.d. Saale|Halle a.S.|Halle a/S.|Halle a. d. Saale|[Halle, Saale]|Halle/S.|Halle / Saale|Halae Magd|Halae Salicae|Halae, Magdeburgicae|Halae ad Salam|Halæ|Halae Saxonum|Hallae Salicae|Halae Magdeburg|Halae Magdeburgiae|Halae a. S.|Halae Magdebvrg|Halle im Magdeburg|Halle, in Magdeburgischen|Halae Magde.|Hallae|Halle im Magdeburgschen|Halle Magdeburgicae|Halae salicae|Halae Saliciae|Halae Salicaes|Halae-Salicae|Halae Magdebvrg.|[Halae Magdeburgicae]|Halae Magdeburgica|Halle in Magdeburg|Halle in Magdeburgischen|Halae Magdebvrgicæ|Halae-Magdeburgicae|Halae, Magdeb.|Halle im Magdeb.|Halae Magd.|[S.l. Halae?]|Halae Vened.|Halae Venedorum|Halae Venedorvm|Halae venedorum|Halis Saxonum|Halis Magdeburgicis|(Halle)|Cosmopolis [i.e. Halle]|Halae Saxonum [Halle, Saale]|Halle i. M.|[Halle / Saale]|[S.l. Halle / Saale]|[S.l. Halle]|Deutschland, Halle|en Hallē tēs Saxonias|Hallae Magd.|Hallae Magde.|Hallae Saxonum|Halle i. Magdeb.|Halle i. Magdeburg|Halle im Magdebirgischen|Halle im Magdebug.|Halle im Magdebürgischen|Halle im Magdeburischen|Halle Magdeb.|Kuffstein [i.e. Halle a. d. Saale]|s. l. [Halle]
# multi
Halle=Halle & Leipzig|Leipzig u. Halle|Leipzig und Halle|Helmstedt und Halle
Hamburg=Hamburgi|Hamburgi,|Hambvrgi|Hambourg|Hamburg,|Hamb.|Hamb|[S.l. Hamburg]|[Hamburg]|Paris [i.e. Hamburg]|(Hamburg)|Hamburg u.a.|Hamburgh|Hamburgo|[s.l. Hamburg]|[S.l.Hamburg]|Amsterdam [i.e. Hamburg]|Cythere [i.e. Hamburg]|Deutschland [i.e. Hamburg]|Gedruckt daselbst [Hamburg]|Germanien [i.e. Hamburg]
# multi
Hamburg=Hamburgi et Kilonii|Hamburg und Leipzig|Hamburg und Kiel|Hamburg u. Altona|Hamburg und Mainz|Hamburg und Altona|Hamburgi et Kilonii|Hamburgi et Lipsiae|Hamburg u. Kiel|Hamburg und Berlin|Hamburgi & Lipsiæ|Kopenhagen und Hamburg|Altona und Hamburg|Chilonii et Hamburgi|Cöln und Hamburg|Hamburg (Maynz)|Hamburg & Leipzig
Hanau=Hanoviae|Hanav
Hannover=Hannoverae|Hannoverae,|Hannoveræ|Velber bei Hannover|Velber|Velber [bei Hannover]|Velber, Hannover|Hannover-Döhren|Hannoveræ|Hannover-Waldhausen|Hannover-Döhren|Hannover-Kirchrode|Hannover-Laatzen|Hannover-Linden|Hannover-Herrenhausen|Hannover,|Hannovererae|Hanover|Hanoverae|Hanover,|Hanoveræ|Hanovre|Deutschland, Hannover|Germanien=Hannover
Harderwijk=Harderovici|Harderovici.|Hardervici
Harkìv=Harkov|Charkov|Harkov'|Kharkov|Harkov|Harkov'|Harkov''|Charkoviae|Harkovo|Charkov,|Charkov'|Charków|Charkiv|Harkiv|Charkìv|Charḱov|Charkiv etc.|Charkiv: Svit dytynstva|Charkìv'|Charkof|Charkouiae|Charkóv|Chark̉ov|Charkovas|Charkow|Hark'ov|Hark`iv|Harkív|Harkïv|Kharkiv|Har'kov
Harmondsworth=Harmondsworth, Middlesex
Heidelberg=Heidelbergae|Heidelbergæ|Heidelberg, Neckar|Heidelberg-Handschuhsheim|Heidelbergiae|Heidelberg [u.a.]|Heidelberg |Heidelberga|Heideldberg|[Heidelberg]|[Heidelbergae]|Heydelberg|Heydelbergae|Heydelbergæ
# multi
Heidelberg=Heydelberg und Mayntz
Helmstedt=Helmstadii|Helmestadii|Helmestadi[i]|Helmestadi|HelmestadI|Helmest.|Helmestadii,|HelmestadI,|Helmestad.|Helmestadi,|Helmestadt|Helmestadi[i],|Helmaestadii|Helmstädt|Helmstadi|Helmstadt|[Helmstedt]|[S.l. Helmstedt]|Helmaestadi|Helmstadi[i]|Helmstadj|Helmstat
# multi
Helmstedt=Halle und Helmstädt|Halle und Helmstedt
Helsinki=Helsingfors
Helsinki=Hki|Helsingissä|Hfors|Helsingissä [Hki]|Helsingforsiae|Hel'sinki|Helsinfors|Helsigfors|Hki - Hfors|Helsinki = Helsingfors|Helsinfors|Gel'singfors|Helsigfors|Helsingissä = Helsingfors|Helsignfors|Gelsingfors\"|Helsinki - Helsingfors|Gel'singfors''|Helsingofors|H:fors|Gelsingfors
Houston, TX=Huston, TX
Hradec Králové=König-Gratz|König-Gratz [Königgrätz]|König-Gratz ob der Elbe|Königgrätz|Königgräz
Hrodna=Grodno|Grodna
Hämeenlinna=Tavastehus
Indianapolis, IN=Indianapolis
Ingolstadt=Ingolstadii|Ingolst.|Ingolstatt|Ingolstadii|Ingolstadii,|Ingolstat|Ingolstadt,|Ingolstadij|Ingoldstat|[Ingolstadii|[Ingolstadii]|[Ingolstadt]
Innsbruck=[Innsbruck]|Oeniponti|Oeniponte|[Oeniponti]|Œniponti|Oenoponti|Oeniponti [Innsbruck]|Oenipontana|[S.l.Ynnsbruck]|Ynnsbruck|Ynnsprugg|[S.l. Ynsbrugg]|[S.l.Ynsbruck]|[S.l.Ynsbrugg]|Gedruckt und Verlegt zu Ynsprugg|Ynsbruck|Ynsbrugg|Ynsbrugg [Innsbruck]|Ynsprugg|zu Ynsprugg
# multi
Innsbruck=Augustæ Vind. & Oeniponti|Augustae Vind. & Oeniponti|Augustæ Vind. Et Oeniponti|Augustae Vindel & Oeniponti|Augustae Vindel. & Oeniponti|Augustae Vindel. et Oeniponti|Augustæ Vindel. Et Oeniponti|Augustae Vindelic. et Oeniponti|Augustae Vindelicor. Et Oeniponti|Augustae Vindelicorum & Oeniponti|Augspurg und Ynsprug [Augsburg und Innsbruck]
Istanbul=İstanbul|Qosṭanṭinīye|A Constantinople|Constantinopel|Constantinople|Constantinopel u.a.|Constantinopoli|Konstantinopel|Konstantinupolei
Ithaca, NY=Ithaca
Jakarta=Djakarta
Jastrzębie Zdrój=Jastrzębie-Zdrój|Jastrzębie - Zdrój
Jena=Jenae|Ienae|Iena|Ienae recvs.|Ienae Tyrigetarum|Jenæ|[Jena]|[S.l. Jena]|à Jene|[Jenae]|Constantinopel [i. e. Jena]|Eleutheropoli  [i.e. Jena]|Francofurti [Jenae]|Jenaem|Ienæ
# multi
Jena=Jena und Leipzig|Jenae et Lipsiae|Jena u. Leipzig|Eleutheropoli, Jenae|Francofurti et Jenae|Nürnberg und Jena|Weimar, Jena und Leipzig|Ienae Et Weissenfelsae
Jerevan=Erewan|Jerewan|Erevan|Yerevan|Ereven|Erevn|Erevan'
Jerusalem=Yerušalayim|Yěrūšalayim|Yerušalem|Yerushalayim|Jérusalem|Jeruzalem|Ierusalim|Yerušalayim|Yerūšalayim|Yerus̆alayim|Jerozolima
Juva=Juva]|JUVA|Juva;
Kaliningrad=Regiomonti|Regiomonte|Regiomonti Borussiae|Königsberg|Königsberg|[Königsberg]|Gedruckt in Königsberg|Königsberg in Preußen|Regiomonte Borussorum|Regiomonti Borussorum|Regiomonti Borvssorvm
Karlskrona=Carlscrona
Karlsruhe=Carlsruhe|Carols-Ruh|Carolsruhae|Carolsruhe|A Carolsrouhe|Carolsrouhe|Carolsrvhae|[Karlsruhe]|Carlsruhe [Karlsruhe]|Salzburg und Leipzig [das heißt Karlsruhe?]
Kassel=Cassel|Cassell|Casseliis|Casselis|Cassellis
Katowice=Katovice|Katowice|Katowice-Panewniki|Stalinogród
Kazan=Kazan'|Kazanʹ|Kazan]́|Kazan ́|Kazan]ʹ|Kazan′
Kehl=[S.l. Kehl]
Kiel=Kiliae|Kiliae Holsatorvm|Kiliae Holsat.|Kiliae Holsatorum|Kilonii|Kiloni|kiloni|Kiloni[i]
Kiev=Kiïv|Kijów|Kìïv|Kyjiv|Kìev|Kyïv|Kyïv''|Kyiv|Kyïv|Kyǐv|U Kyjivi|U Kyjevi|Kyìv|Kyi'v|Kyív|Kyjiv: Naukova Dumka|Kyjiv [etc.]: OLIR|Kyjiv [etc.]: Vyd-vo "Oberehy"|kyiv|U Kyi︠e︡vi|U Kyivy|Kyjiw (Kiev)|Kyêv|Kyĩv|Kyïv''
Klagenfurt=[Klagenfurt]|Celovec|Klagenfurt = Celovec|Klagenfurt / Celovec|Klagenfurt/Celovec|Celovec [Klagenfurt]|Celovec / Klagenfurt|Celovec *Klagenfurt|Klagenfurt *Celovec|Celovec = Klagenfurt|Celovec/Klagenfurt|Klagenfurt [Celovec]|Klagenfurt am Wörthersee = Celovec|Clagenfurt|Clagenfurth|Clagenfurti|Clagenfvrti|Klagenfurth|Klagen-Furt
Koblenz=[Koblenz]|A Coblence|A Coblentz|zu Koblenz|Coblentz
# multi
Koblenz=Mainz und Coblenz
Konstanz=Constanz|Constantiae|Constantiæ|Constantz
Kraków=Cracoviae|Cracovie|W Krakowie|Cracouiae|Cracov|Cracovia|Cracoviæ|Cracow|Krakau|Krakiv|Krakìv|Krakkó|Krakov|Krakow|Kraków|Kraków |Kraków ?|Kraków.|Krakowie|Cracouie|Cracoui[a]e|Craccoviae
Kraków=Kraków
Krems=Crembs|Crembsii|Crembsij|Crems|Cremsii|Crembs [Krems]|Gedruckt zu Crembs|Crembs in Unter-Oesterreich|Crembsij [Krems]|Crembsy|Crems [Krems]|Gedruckt Crembs
Kyoto=Kyōto|Kyōto|Kȳoto-shi|Kyoto, Japan|Kyōtō|Kyoto Japan|Kioto
Köln=Köln|Coloniae|Coloniae Agrippinae|Coloniae Agripp.|Cologne|Coloniæ|Coloniæ,|Coloniæ Agrippinæ|Coloniæ Agrippinæ,|Cölln|A Cologne|Coloniae Agripp|Coloniae Agrippina|Coloniae, Agrippinae|Coloniae Agrippinæ|Colonia Agrippinae|Coloniae Agr.|Coloniae Agrippinensium|Coloniae, Agr.|Coloniale Agrippinae|Cöllen a. Rh.|Cölln a, R.|Cölln a. Rh.|Cölln a/R.|Cölln am Rhein|Cöln|Cöln am Rhein|Cologna|Coloniae ad Rhenum|Coloniae Ad Rhenum|Coloniae Agripp, Hilden|Coloniae Augustae Agrippinensium|Köln a. Rh.|Kölln|Kölln am Rhein|Kölln a. R.|Köln am Rhein|Köln am Rheine|[Köln]|[S.l. Köln]|Köln a. R.|Köln aam Rheine|Köln-a. Rh.
# multi
Köln=Cölln und Franckfurt|Cölln und Franckfurth|Cölln und Frankfurt|Cölln, Dresden|Köln und Bonn|Leipzig und Köln|Leipzig und Köln am Rhein
København=Kjøbenhavn|Kopenhagen|Copenhague|Kristiania|Christiania|Kiobenhavn|Hauniae|Kiøbenhavn|Kjöbenhavn|Kjöpenhamn|Kobenhavn|Kùbenhavn|Köbenhavn|Koebenhavn|Copenhagen|Hafniae|Hafniæ|Kiöbenhavn|Kjobenhavn|Havniae|Havniæ|Kiobenhave|[Kiøbenhavn]|Kibenhavn|Kiobenhaven|Kiöbenhavnme|Kioebenhavn|Kjobenhave
# multi
København=Hafniae et Lipsiae|Francofurti et Hafniae|Hafniae Et Lipsiae|Havniae et Lipsiae
L'vìv=Lwów|Lvov|V” Lvovĕ|We Lwowie|Lwowie|Lwów|Lwow|we Lwowie|Leopoli|Leopolis|Lviv|L'viv|L'vov|Lwów [...]|Lwiw|Lwów [etc.|Lwoŭ|Lwyw [i.e. Lwów]|Lwów (Léopol)|Lwowie [!]|Lwów}
La Habana=Habana
Lake Crystal, MN=Lace Crystal, MN
Lanham, MD=Lanham
Lausanne=Lausannae|Lausannæ|A Lausanne|A Londres [i.e. Lausanne]|Lausane|[Lausannae]|Lausanna|Lausanne [u.a]
# multi
Lausanne=A Berne & à Lausanne|A Lausane, Et se trouve A Grenoble|A Londres, Et à Lausanne en Suisse|A Londres, et se trouve a Lausanne|A Paris, Et se trouve à Lausanne
Lawrence, KS=Lawrence
Leeuwarden=Ljouwert|Ljouwert [Leeuwarden]
Legnica=Liegnitz
Leiden=Leyden|Lvgdvni Batavorvm|Leide|Leyde|Leyden,|Lugd. Bat|Lugd. Bat.|Lvgdvni Batavorvm,|Leidae|Lugdunum Batavorum|Lvgdvni Batavorvm.|Lugdvni Batavorvm|Lugd. Batav|Lvgdvni Batavorum|Trajecti Batavorum|Trajecti Batavorum|Sumptibus Academiæ. Lvgdvni Batavorvm|Lvgdvni|Traject. ad Rhen. Lugd. Batavor.|Lugduni|Lugduni Batavorum|Lugduni Batav.|Lugduni Bat.|Lugd. Batav.|Lugd. Batav.|Lugd. Batavorum|Lugduni-Batavorum|Lugduni in Batavis|Lugduni Batavorum [Leiden]|Lugd. Batavor.|[Lugduni]|[Lugduni Batavorum]|Lugduni-Bat.|Lugundi Batavorum|Lugduni Batv.|A Leide|Leidae Batavorum|Leidæ|[Leiden]|[A Leide]|[S.l. Leiden]|a Leide|A Leiden|Leida|Leide Batavorum|Te Leiden|a Leyde|A Leyde|A Leyden|Leydae|Te. Leyden
# multi
Leiden=À La Haye & À Leide|Göttingue & Leide|A La Haie & a Leide|Göttingue et Leide|A La Haie & Leide|Amsterdam et Leide|Leide et Amsterdam
Leipzig=Lipsiae|Lipsiæ|Leipz|Leipz.|Leipsic|Lipsia|In Lipsia|Lipsae|[Lipsiae]|[Leipzig]|Leipsick|[S.l. Leipzig]|(Leipzig)|Buslar [i.e. Leipzig]|Quirlequitsch [i.e. Leipzig]|Schweiz [i.e. Leipzig]|Spashausen [i.e. Leipzig]|Teutschland [i.e. Leipzig]|Leipzig u.a.|(Leipzig|[ Leipzig]|[Leipzig?]|A Leipzic|A Leipzich|Amsterdam [das heißt Leipzig]|Cölln [das heißt Leipzig]|Deutschland = Leipzig|in Kommission in Leipzig|in Leipzig|In Leipzig|Jn Leipzig|Leipzi|Leipzick|Leipzig :|Leipzig (usw.)|Lipsiae [Leipzig]|Nieder-Teutschland [i.e Leipzig]|s.l. [Leipzig]|und Leipzig|A Leipsic|Et Se Trouve A Leipsic|[Leipzg]|[S.l. Leipnik?]|A Leipsick|En Leipsia tēs Saxōnias|Et Se Trouve À Leipsick|Leipsig|Lips.|LIpsiae|Lipsiae u.a.|Lipsiae.|Lipsic|Prostat Lipsiæ|Recusum Lipsiae|W Lipsku
# multi
Leipzig=Leipzig und Görlitz|Leipzig und Wien|Leipzig und Gera|Leipzig und Königsberg|Leipzig und Breslau|Leipzig und Göttingen|Leipzig und Franckfurth|Leipzig und Klagenfurth|Leipzig und Prag|Leipzig und Riga|Leipzig und Rostock|Leipzig und Amsterdam|Leipzig und Frankfurt|Leipzig und Gräz|Leipzig und Jena|Leipzig und Liegnitz|Dresden und Leipzig|Dreßden und Leipzig|Kopenhagen und Leipzig|Breßlau und Leipzig|Breslau und Leipzig|Königsberg und Leipzig|Flensburg und Leipzig|Dessau und Leipzig|Berlin, Stettin und Leipzig|Copenhagen und Leipzig|Liegnitz und Leipzig|Münster und Leipzig|Weißenfels und Leipzig|Altona und Leipzig|Halle und Leipzig|Rostock und Leipzig|Zittau und Leipzig|Nürnberg und Leipzig|Zürich und Leipzig|Bayreuth und Leipzig|Franckfurth am Mayn und Leipzig|Preßburg und Leipzig|Riga und Leipzig|Bamberg, Frankfurt und Leipzig|Franckf. und Leipzig|Franckfurt [Frankfurt] und Leipzig|Koppenhagen und Leipzig|Mietau und Leipzig|Pilsen und Leipzig|Ronneburg und Leipzig|Amsterdam und Leipzig|Bern und Leipzig|Frankfurt, und Leipzig|Frankfurth, und Leipzig|Lübeck und Leipzig|Schneeberg und Leipzig|[Frankfurt und Leipzig]|Arnstadt und Leipzig|Franckfurt, und Leipzig|Franckfurth, und Leipzig|Frankfurt und Leipzig [falsche Ortsangabe im Buch!]|Frankfurt und Leipzig.|Frankfurtund Leipzig|Hannover und Leipzig|Magdeburg und Leipzig|Prag, und Leipzig|Schwabach und Leipzig|[Coppenhagen und Leipzig]|[Kopenhagen und Leipzig]|[Pressburg und Leipzig]|Franckfurt und Leiptzig|Leipzig und Breßlau|Leipzig und Budißin|Leipzig und  Rostock|Leipzig und Frankfurth|Leipzig und Grätz|Leipzig und Ofen|Leipzig und Zittau|Leipzig und Züllichau|Franckfurt u. Leipzig|Berlin u. Leipzig|Prag u. Leipzig|Franckfurth u. Leipzig|Königsberg u. Leipzig|Breßlau u. Leipzig|Breslau u. Leipzig|Dreßden u. Leipzig|Frankfurth u. Leipzig|Kopenhagen u. Leipzig|Zürich u. Leipzig|Halle u. Leipzig|Köln u. Leipzig|Nürnberg u. Leipzig|Rostock u. Leipzig|Wesel u. Leipzig|Altona u. Leipzig|Dresde et a Leipzig|Freystadt, Leipzig|Leipzig ; Nürnberg|Leipzig u. Salzburg|Königsberg, Leipzig|Leipzig, Königsberg und Mietau|[Coppenhagen ; Leipzig]|A Amsterdam Et Leipzig|Altona ; Leipzig|Amsterdam Et Leipzig|Amsterdam, Leipzig|Augspurg und Leipzig|Barby, Leipzig|Berlin & Leipzig|Berlin und Leipzig.|Berslau und Leipzig|Breslau, Brieg und Leipzig|Breßlau; Leipzig|Budweis, Prag, u. Leipzig|Catana, Leipzig?|Cleve und Leipzig|Copenhagen [Kopenhagen] und Leipzig|Coppenhagen u. Leipzig|Dessau u. Leipzig|Dreßden, Leipzig|Eisenauch u. Leipzig|Eisleben und Leipzig|Erlang und Leipzig|Flensburg, Schleswig und Leipzig|Frankfurt a. Leipzig|Glogau und Leipzig|Glückstadt und Leipzig|Grätz und Leipzig|Graz und Leipzig|Gräz und Leipzig|Greifswalde und Leipzig|Hamburg, Berling und Leipzig|Hamburg, Leipzig|Hannover u. Leipzig|Hanover und Leipzig|Kempten, Leipzig|Klagenfurt und Leipzig|Konstantinopel, Leipzig|Kopenhagen, Odensee, Leipzig|Leipz. u. Wald.|Leipzig & Prag|Leipzig & Winterthur|Leipzig u. Cilli|Leipzig u. Dresden|Leipzig u. Eisenach|Leipzig u. Grätz|Leipzig u. Liegnitz|Leipzig u. Prag|Leipzig u. Zelte|Leipzig un Görlitz|Leipzig und Berlin|Leipzig und Borna|Leipzig und Dresden|Leipzig und Eisenach|Leipzig und Erffurth|Leipzig und Erlangen|Leipzig und Grätz [Graz]|Leipzig und Hof|Leipzig und Klagenfurt|Leipzig und Lauban|Leipzig und Nordhausen|Leipzig und Rudolstadt|Leipzig und Stockholm|Leipzig und Ulm|Leipzig und Winterthur|Leipzig, Aue|Leipzig, Berlin|Leipzig, Grätz|Leipzig/ Hamburg/ und Breßlau|Maburg und Leipzig|Mainz und Leipzig|Mietau, Hasenpoth und Leipzig|Naumburg und Leipzig|Nürnberg und Leipzig,|Paris und Leipzig|Prag, Budweis und Leipzig|Regenspurg und Leipzig|Reval und Leipzig|Römhild und Leipzig|Rostochi & Lipsiae [Rostock und Leipzig]|Salzburg und Leipzig|Schweidnitz una Leipzig|St. Petersburg u. Leipzig|Straßburg und Leipzig|Ulm und Leipzig|Upsala und Leipzig|Verlegts in Leipzig|Weissenfels & Leipzig|Weissenfels u. Leipzig|Weißenfels u. Leipzig|Wertheim u. Leipzig|Wittenberg u. Leipzig|Wittenberg und Leipzig|Zilli und Leipzig|A Amsterdam et a Leipsig|A Leipsic Et Vienne|A Leipsick Et Se Trouve A Paris|à Magdebourg et à Leipsic|zu Dreß, zu Leiptzigk zu Vienn zu Praag u kanß Deutschladen ok zu Nurnberg|Imprimé à Leipsick Et se trouve à Paris|Lipsiæ Et Guelpherbyti|Dresdae et Lipsiae|Halae et Lipsiae|Holmiae Et Lipsiae|Vitembergae et Lipsiae|[Altenburgi & Lipsiae]|Dresdae & Lipsiae|Dresdæ Et Lipsiæ|Fuldae & Lipsiae|Lignitii et Lipsiae|Lipsiae & Goslariae|Rostochii et Lipsiae|Dresdae Et Lipsiae|Gryphiswaldiae et Lipsiae|Halae & Lipsiae|Lips. & Amst.|Lipsiæ & Goerlitzii|Lipsiae et Halae|Lipsiae Et Halae|Regiomonti et Lipsiae|A Copenhague Et A Lipsic|Altenburgi & Lipsiae|Argentorati & Lipsiae|Argentorati et Lipsiae|Dresd. et Lipsiae|Erlangae Et Lipsiae|Flensbvrgi Et Lipsiae|Fr[a]ncofurti Et Lipsiae|Gryphiae et Lipsiae|Ienae et Lipsiae|Ienae Et Lipsiae|Lipsiae et Dresdae|Lipsiae et Erlangae|Lipsiae et Guelpherbyti|Lipsiæ Et Halæ Magdeburgicæ|Lipsiae et Rostochii|Lipsiae et Wismariae|Magdeburgi et Lipsiae|Magdeburgi, et Lipsiae|Monachii et Lipsiae|Oeniponte & Lipsiae|Regiomonti & Lipsiae|Rostochi & Lipsiae|Rostochii & Lipsiae|Rostochii Et Lipsiæ|Stettini et Lipsiae|Vesaliae et Lipsiae|Vitemb. Et Lipsiae|Vitembergae Et Lipsiae
Lemgo=Lemgoviae|Lemgoviæ|Lemgoviaem|Lemgroviae
Leuven=Lovanii|Lovanii,|Louvain|Loven
Liberec=Reichenberg
Linköping=Lincopiae
Lisboa=Lisbonne|Lisbon|Em Lisboa|LIsboa|Lisbôa|Lisbona|Lissabon|Lisboa?|lisboa|Lisboa]|Lisboa Occidental|Ulyssipone|Ulyssipone Occidentali|Ulyssipone Occidental|Ulyssipone Occiedentali|Ulyssip. [i.e. Ulyssipone]|Olisipone|Olyssipone|Olysipone|Alisipone|Olissipone|Olissipone Occidentali|Lisboa occidental|Lisbona Occidentale|Ulissipone Occidentali|Ulyssippone Occidentali|Lisbona Occidentale|Lisbonna Occidentale|Lixboa|Olysippone|Lisboa Ocidental|Lisboa Oriental
Liège=Liege|Liége|Liège|Luik|A Liege|Liegi|Et A Liege|Liege [u. a.]|Lieges|A Liège|Leodii|Leodici
Linz=Lintz|Lincii|Lincij|[Linz]
Livorno=Livourne|In Livorno
Ljubljana=V Ljubljani|Laybach|[Laybach]|Labaci [Laibach]|Labaci
# multi
Ljubljana=Klagenfurth und Laybach|Klagenfurt u. Laibach|Klagenfurt u. Laybach|Klagenfurt und Laybach|Klagenfurth und Laibach
London=Londen|Londini|London etc|London etc.|Londres|Londyn|Londra|Bloomsbury [London]|Londres etc.|A Londres|[London]|a Londres|À Londres|In Londra|Londre|[S.l. London]|London, Bathurst|Londres [London]|A Londres [London]|A Pe-king [i.e. London]|Gedruckt in London|London [fingiert]|London {später}|Londoni|[Londini]|Londinij|Londra [u.a]|À Londres [fingiert]|Orient de Londres|[Londres]|A Londre|Et Se Trouve A Londres|Lond.
# multi
London=Londres et Paris|London und Berlin|London und Leipzig|London u. Berlin|Paris, London|Wienn, Paris, und London|Londres, Paris|Londres, Hambourg|A Londres & se trouve, A Paris|A Londres et se trouve a Paris|A Londres et se trouve A Paris|A Londres, & se trouve à Liege|A Londres; Et se trouve A Paris|Londres et Amsterdam|Londres u. Paris|Londres-Paris|Londres, et se vend a Liege|Londres, Paris?|Londres; Et se trouve à Paris|Londini et Hagae Comitum|Londini et Amstelodami|Londra, si vende in Livorno|A Londres [fing.]|A Londres [fingiert?]|Londra-Livorno|Londra, Livorno|A Londre, et se trouve a Paris
Los Angeles, CA=Los Angeles|Los Angelos, CA
Lublin=Lubliniec|Lublinie|Lublini|Lublin|Lwbliyn
Lund=Londini Gothorum
Lutsk=Luc'k|Łuck
Luxembourg=Luxemburg
Lübeck=Lübeck|Lubecae|Lubecæ|Lubeck|Paris und Frankfurt [i.e. Lübeck]|[Lübeck]
# multi
Lübeck=Lubecae et Lipsiae|Lipsiae et Lubecae|Lubecae et Altonae|Hamburg und Lübeck|Lübeck und Leipzig, Bonn|Lübeck und Wißmar
Lyon=A Lyon|A Edimbourg [i.e. Lyon]|Et à Lyon
# multi
Lyon=à Lyon & se vend A Paris|A Stutgard, Et se vend A Lyon|La Haye, Lyon|Londres, Lyon|Lyon, Paris
L'vìv=Lemberg|[Lemberg]
Maastricht=Maestricht|Trajecti ad Mosam|Trajecti ad Moham|Trajecti a. M.|A Maestricht|A Maestrich
Madison, WI=Madison
Madrid=Matriti|Madriti|en Madrid|Madrid ?|En Madrid|[S.l. Madrid?]|[Madrid]|Madrit|[S.l. Madrid]|Con licencia en Madrid|Con Licencia En Madrid|Con Licencia: En Madrid|Impressa En Madrid|Madridii
# multi
Madrid=A Madrid et se trouve a Paris|Madrit und Rom
Mainz=Mainz am Rhein|Moguntiae|Moguntio|[Moguntiae]|Moguntia|Moguntiæ|Mogun|Mayntz|Maynz|Mayntz [Mainz]|Maynz [Mainz]|Zu finden Mayntz
Malden, MD=Malden
Malmö=Malmö
Mannheim=Mannhemii|[Mannheim]|(Mannheim)|A Mannheim|dahier [Mannheim]|Mannheimii|Manheim|Manhemii|Manheim [u.a]
# multi
Mannheim=Frankenthal und Mannheim|Mannheim und Franckfurt|A Manheim, Francfort, & Mayence
Mankato, MN=Mancato, MN|Mankanto, MN
Maputo=Lourenço Marques
Marburg=Marburg/Lahn|Marburgi Cattorum|Marburgi|Marbvrgi Cattorvm|Marbvrgi|Marburgi Catt.|[Marburg]|Marburgi in Cattis|Marburgi-Cattorum|[S.l. Marburg]|Marb. Cat.|Marburg Catt.|Marburgi Caltorum|Marburgi Catorum|Marburgi Hessorum|Marburgi In Cattis|Marburgi[i] Cattorum|Marbvrgi in Cattis
Meisenheim=Meisenheim am Glan
Metuchen, NJ=Métuchen, NJ
Middelburg=Middelburgh|Mediobvrgi
Milano=Milan|Milano, Italy|Milan, Italy|Milani|Cinisello Balsamo (Milano)|Cinisello Balsamo, Milano|Milano, Italia|Muggiò (Milano)|Milano,|MIlano|Milanoi|Mediolani|Medionali|[Mediolani]|Mediolami|Mediolamum|In Milano|[Milano]|In Milano [Mailand]|A Milan|Á Milan|En Milan|In Milanao|Mayland|Mailand|[Mailand]
Minneapolis, MN=Minneapolis|Mineapolis, MN|MInneapolis, MN|Minneapolis, MN [etc.]: Burgess|Minneapolis, MN [etc.]: University of Minnesota Press|Minneapolis, MN: Burgess Publishing Company|Minneapolis., MN
Minsk=Mińsk
Minsk=Mìnsk
Montréal=Montreal|Montréal
Moskva=Moscow|Moscou|Moskau|Moskou|Mosk[va]|Moskvo|Moskve|Moskwa|Moskava|Moscov|Moscau|Moscovo|Mosquae|Moscoviae|V Moskve|Moscuae|Mosca|Moska|v Moskve|V Moskvě
Most=Brüx|Gedruckt in der königl. Stadt Brüx|In der Königl. Stadt Brüx
México=México|México, D.F|México, D.F.|Mexico|México, D.F.
München=München|Mjunchen|Munich|Munchen|Monachii|Monachij|[Monachii]|Monachii [München]|Monachij [München]|[München]|[S.l. München]|(München)|[München?]
# multi
München=Monachii, Pedeponti|München und Ingolstadt|München und Salzburg|München, und Ingolstadt|Augspurg, und München|Ingolstadt und München|München u. Augspurg|München u. Ingolstadt|München und Augspurg|München und Leipzig|München, und Stadt am Hof
Münster=Münster|Münster in Westphalen|Münster i. W.
Napoli=Neapoli|In Napoli|Neapolis|Neap.|Neapel|[Neapel?]|Naples|In Nap.|[Napoli]|[S.l. Napoli ?]|Gelopoli [i.e. Napoli]|In Fiorenza [i.e. Napoli]|Napoii|Napole|Napoles
# multi
Napoli=[Neapel, Erfurt]|Naples et Paris
Narva=Narvae
Neptune City, NJ=Neptune, NJ
Neuchâtel=Neuchatel|Neuchâtel|A Neuchatel|[Neuchâtel]|Neuchatel [u. a.]|Neuf-Chatel [Neuchâteau]
Neumünster=Neumünster
Neuwied=Neowedae ad Rhenum|Neowedæ ad Rhenum
New Brunswick, NJ=New Brunswick|New Brunschwick, NJ|New Brunswich, NJ|New Brunwswick, NJ|Brunswick, NJ|New-Brunswick, NJ
New Haven, CT=New Haven|Yale University Press|New Haven, Conn.
New York=Nyu York|Nyu-York|New-York|Nueva York|Nowy York|New york|Nyu-Yorḳ|Nyu Yorḳ|Nuyork|Nova York|Nueva York|Niu-York|Nev York|New  York|NewYork|Neu York|Nueva York|Nea Yorkē|V New Yorku|New york etc|Niv York|Niyu-York|N. York|Ney York|Neu-York|Mew York|Bronx, New York|Nea Yorkē|Now York|Nʹju-Jork|Nowy Jork|N'û-Jork|N'û Jork|Nʹju Jork|N'ju-Jork|Nû Jork|Nj́u-Jork|Nju Jork|Nju-Jork|Nû-Jork|N'ju Jork|N'ju-Jork|Nj́u Jork|New Jork|Neu-Jork|Novjorko|Nov-Jorko|Nûjork|Nowy Jork?|Nj́u-Jork i t.d.|Nju Jork i t.d.|Nʹju-jork|Nʹju-Jork Tretʹja volʹna|N ju-Jork|V Novim Jorku|N'û-Jork|N'ȗ-Jork|N'û- Jork|Nû  Jork|New-Jork|N-û- Jork|Njujork|New York, NY
Nicosia=Leukōsia
Nijkerk=Nĳkerk
Nijmegen=Nĳmegen
Noordwijk aan Zee=Noordwijk
Norman, OK=Norman
Norrköping=Norköping
Nördlingen=[Nördlingen]
# multi
Nördlingen=Nördlingen und Franckfurth|Salzburg  und Leipzig [das heißt Nürnberg oder Nördlingen?]
Nürnberg=Nürnberg|Noribergae|Norimberga|Norimbergae|Norymberga|Norymbergae|Nuremberg|Nürmberg|[Nürnberg]|München ; [Nürnberg]|Norimbergae [Nürnberg]|Nuremberg [Nürnberg]|[S.l. Nürnberg]|[Nürnberg?]|in Nürnberg|Nürnbergk|Norimbergæ|[Norimbergae]|Civis Norimbergensis|In Norimberga|Norimbergaem|Norimbergensem|Norimbergo|Umbria [i.e. Nürnberg]|Germanien [i.e. Nürnberg]|Amsterdam [i.e. Nürnberg]|Europa [i.e. Nürnberg]|Germanopolis [i.e. Nürnberg]|Kosmopolis [i.e. Nürnberg]|Quasi-Welt [i.e. Nürnberg]|Trankebar [i.e. Nürnberg?]|Nuremberg|Noriberga|Noribergæ|Norimebergæ|Norinberga|Norinbergæ|Norumbergae|Nuernberg|Nünrberg|Nürberg|Nüremberg|Nurnberg|Nürnberg,
# multi
Nürnberg=Altdorffii & Norimbergae|Norimbergae ; Pragae|Norimbergæ & Altdorfii|Norimbergae & Lipsiae|Norimbergae et Altdorfii|Norimbergae et Lipsiae|Norimbergae et Viennae|Norimbergae, Francofurti & Lipsiae|Viennae & Norimbergae|Viennae et Norimbergae|Nürnberg und Altdorf|Nürnberg und Prag|Nürnberg und Altdorff|Nürnberg und Altdorff/|Nurenberg et Altdorf|Nüreberg & Altdorf|Nürnberg & Altdorf|Nürnberg u. Altdorf|Nürnberg u. Altdorff|Prag und Nürnberg|Wilhelmsdorf u. Nürnberg
Olomouc=Olmütz|Olomucii|Olomucii Moravorum|Typis Olomucensibus|[Olomucii]|Olomucii in Metropoli Moraviae|Olomucii in Metropoli Moraviæ|Olomucci Moravorum|Olomuci|Olomucij|Ollmütz|Gedruckt in der Königl: Haubt-Stadt Ollmütz|Gedruckt in der Königl: Haupt-Stadt Ollmütz|Gedruckt in der Königl. Haupt-Stadt Ollmütz|Gedruckt in der Königlichen Haupt-Stadt Ollmütz
Olsztyn=Allenstein
Opava=Troppau
Opole=Opole |Opole Lubelskie|Oppeln
Osnabrück=Osnabrück
Ostrowiec Świętokrzyski=Ostrowiec
Oxford=Oxford etc|Oxonii|Oxoniae|Oxoniæ|Oxonii,|Oxon|Oxonii [Oxford]|Oxon.|Clarendon Press
Padova=Patavii|Patavius|Patauij|Patauii|Patavio|Pádua|Padoa|Padoue|In Padova
Palermo=Panormi
Palma de Mallorca=Mallorca
Paris=Parijs|Pariž|Pariž|Parigi|Pariz|Lutetiae Parisiorum|Lutetiæ Parisiorum|Lutetia Parisiorum|Lvtetiæ|Párisz Parisiorvm|París|Paryż|paris|Lutetiae|Luteciae|Lutetiae-Parisiorum|Lutetie|[Paris]|A Paris|Parisiis|Bassora [i.e. Paris]|Cologne [i.e. Paris]|A Cologne [i.e. Paris]|A Londres [i.e. Paris]|Hollande [i.e. Paris]|Cologne [i.e. Paris]|A Londres [i.e. Paris?]|Londres [i.e. Paris?]|A Amsterdam [i.e. Paris]|A Bruxelles [i.e. Paris]|La Haye [i.e. Paris]|Londres [i.e. Paris]|Messine [i.e. Paris]|Monomotapa [i.e. Paris]|A Cologne [i.e. Paris]|A Paphos [i.e. Paris]|A Pekin [i.e. Paris]|A Philadelphie [i.e. Paris]|Cythere [i.e. Paris]|A L'Assemblée Nationale [i.e. Paris]|A Persepolis [i.e. Paris]|À Paris|[S.l. Paris]|[A Paris]|et se trouve a Paris|Luteciae Parisiorum|a Paris|Et se trouve à Paris|Et à Paris|Et se vend à Paris|Luteciae-Parisiorum|Cosmopolis (Paris)|[Paris?]|A Londres [das heißt Paris]|A Paris, Place De Sorbonne|Et A Paris|Et se trouve A Paris|[Parisiis]|[S.l. Paris?]|A Paris, au Palais|A Paris, Quay Des Augustins|A Paris, Rue Dauphine|A Paris, Rue S. Jacques|A Salomonopolis [i.e. Paris]|A Spa [i.e. Paris?]|Amsterdam [i.e. Paris]|En Parisiis|Constitutionople (Paris)|En Sarmatie [=Paris?]|Et Se Vend A Paris|Paris [u. a.]|Paillardisoropolis [i.e. Paris]|Luxaropolis [i.e. Paris]|Parisiiis|Parisiis [Paris]|Parisiis etc.|Parisis|Parisius|Philadelphie [i.e. Paris]|Quatre-Éléments [i. e. Paris]|Ratopolis [i.e. Paris?]|s.a. [Paris]|Suivant la Copie imprimée A Paris|Westphalie [i.e. Paris]|Lutetiae, Parisiorum
# multi
Paris=A Londres Et se trouve à Paris|A Londres, Et se trouve à Paris|A Neufchâtel Et se trouve à Paris|A Neufchâtel, Et se trouve à Paris|A Paris Et se trouve à Liége|Amsterdam & Paris|Amsterdam, et se vend a Paris|Constantinople [fing.] et Paris|Pekin, Paris|A Amsterdam Et se trouve A Paris|A Genève, & se trouve à Paris|A La Haye. Et se trouvent A Paris|À Neuchâtel, Et se trouve À Paris|A Paris, et a Liege|A Upsal, Et se trouve A Paris|A Yorck, se trouve a Paris|Imprimé à Paris, & se trouve A Anvers|Londres et se trouve à Paris|Paris, Liege
Parma=Parmae|Parme|Crisopoli [i. é Parma]|Crisopoli [i.e. Parma]
Passau=Passavii|Passavij
# multi
Passau=Passau und Linz
Petrozavodsk=Petroskoi
Philadelphia, PA=Philadelphia
Piotrków Trybunalski=Piotrków
Pisa=Pisis|[In Pisa]|[Pisa]
Pittsburgh, PA=Pittsburgh
Poland=Polska
Porto=Pôrto
Poznań=Poznań|Poznaniu|Poznan|Poznań|Poznaniv|Poznan'|Poznań?|Posen|Posnaniae
Praha=Prag|Prague|V Praze|Praga|Pragae|Praha II|V Prahe|Praha|Praga Czeska|Vetero-Pragae|Pragæ|Vetero-Pragæ|[Prag]|Vetero Pragae|Alt-Stadt Prag|prag|[S.l. Prag]|[S.l Prag?]|Neo-Pragae|Palaeopragae|Pragae [Prag]|Pragæ Bohemorvm|zu Prag|Altstadt Prag|Pragae Bohemorum|Pragæ Veteris|Prage|[Pragae]|A Prague|à Prague|Alt-Stadt Prag [Prag]|Alt=Stadt Prag|Magna Aula Carolina [Prag]|Philadelphia [i.e. Prag]|Pragæ Bohemorum|Vetero Pragæ|Vetero-Pragae [Prag]|(Prag)|Amsterdam [i.e. Prag]|Berlin [i.e. Prag]|Venetiis [i.e. Prag]
# multi
Praha=Prag und Wien|Prag und Leipzig|Wien u. Prag|Prag und Dresden|Wien, Prag und Triest|Prag u, Dresden
Princeton, NJ=Princeton|Priceton, NJ|Princeteon, NJ|Princetion, NJ|Princetown, NJ|Princton, NJ|Pronceton, NJ|Princeton], NJ|Princeton, NY|Princeton University Press|Princeton [etc.], NJ
Purmerend=Purmerende
Pärnu=Pernaviae
Quedlinburg=Quedlinburgi|Qvedlinburg
Regensburg=Regenspurg|Ratisbonae|Athen [i.e. Regensburg]|Germanien [i.e. Regensburg]|Ratisbonne|Ratisbonnae|Ratisbone|Ratisbonæ|Ratisponae|[Ratisbonae]|Ratisponæ|Ratisbona
# multi
Regensburg=Augustae et Ratisbonae|Augustæ Vindel. et Ratisbonæ|Ratisbonæ Et Viennæ|Ratisbonae, Vienae
Reinbek=Reinbek bei Hamburg|Reinbeck bei Hamburg|Reinbek|Reinbek (bei Hamburg)|Reinbek b. Hamburg|Reinbek bei] Hamburg|Hamburg [i.e. Reinbek]|Reinbeck
Reutlingen=Reuttlingen|[Reutlingen]|A Reutlingue
Reykjavík=Reykjavík
Riga=Rigae|Rigae Livonum|Rīga|Rīga?|Rīgā|Rīgā?|Rīgâ
Rinteln=Rintelii|Rinthelii
Rochester, NY=Ročester, Nju Iork|Rochester, NJ
Roma=Romae|Rome|Rzym|In Roma|Romæ|Rom|A Rome|[Rom]|In Usect al Reno [i.e. Roma]|[Roma]|[In Roma]|[Rom ?]|[Romæ]|[Rome]|[S.l. Rom]|À Rome|Roma [Rom]|Romae [Rom]|vende in Roma
# multi
Roma=Romae et Venetiis|A Rome , & se trouve a Paris|Conimbricae et Romae|Rom, Prag|Rom, Wien|Roma e Torino|Romae et Lipsiae|Romae, et Lucae|Rome et Paris
Rostock=Rostochii|Rostochi|[Rostock]|Rostoch|Rostochiis|Rostocii|Rostock u.a.|Rostockii|Rostok
Rostov=Rostov-na-Donu
Rotterdam=Rotterodami|Rotterodami,|Roterodami|Roterodami,|Roterdam|Roterdam,|Et Roterodami|Et Roterodami,|Roterodami Batavorum,|A Rotterdam|Rotteraedami|Rotterdami|Te Rotterdam|Roterdami
# multi
Rotterdam=Rotterodami et Londini
Russia=Rosja
Rzeszów=Rzeszow
Saarbrücken=Saarbrücken
Saint Cloud, MN=St. Cloud, MN
Saint Paul, MN=St Paul, MN|St. Paul, MN|St.Paul, MN|Saint Paul 7, MN
Saint Peter, MN=St.Peter, MN
Salamanca=Salmanticae
Salzburg=Salisburgi|Salisburgi [Salzburg]|Salisburgo|Salisbvrgi|Salisburgum|[S.l. Salisburgi]|[Salisburgium]|Saltzburg|[Salzburg]|[S.l. Salzburg]|Salzburgi|Salzbvrgi|[S. l. Salzburg]|[S.l. Salzburg?]|[s.l. Salzburg]|[S.l. Salzbutg]|[S.l., Salzburg ?]]|A Salzbourg|Gedruckt in Salzburg|Gedruckt Salzburg|in Saltzburg|Frankfurt und Leipzig [i.e. Salzburg]|Wien [i.e. Salzburg]|Wien und Berlin [i.e. Salzburg?]|In Deutschland [i.e. Salzburg]|Petersburg [i.e. Salzburg]|Regensburg [i.e. Salzburg]
San Bernardino, CA=San Bernadino, CA
San Diego, CA=San Diego
San Francisco, CA=San Francisco|San Fransisco, CA
San Jose, CA=San José, CA|San José, CA
Sankt-Peterburg=S.-Peterburg|Lenigrad|St. Petersburg|Leni[ngrad]|Petrograd|Petrograd''|Petrograd'|Sanktpeterburg|S. Peterburg|S-Peterburg|S.-Peterburg''|Sankt Peterburg|Peterburg|S.-Peterburg'|S.-Peterburg"|S. Peterburg''|S.Peterburg|Sanktpeterburg''|St. Peterburg|Sanktpeterburg'|S. Peterburg'|S-Peterburg'|Sankt-Peterburg'|S.- Peterburg|SanktPeterburg|S. -Peterburg|Petersburg|St. Petersbourg|S. Petersburg|S.-Petersburg|Sankt Petersburg|St.-Petersburg|Sankt-Petersburg|St.-Petersbourg|S-Petersburg|Sanktpetersburg|Petersbourg|Saint Petersburg|Leningrad|Petropoli|En Petrupolei|[S.l. Petropoli]|Petroburgi|Petrop.|Petropolis|Petropolitanae|Petrupolei|V Sanktpeterburgě|S. Petersbourg|Peterpoli|Skt. Petersburg
Sankt Pölten=St. Pölten
Santa Barbara, CA=Santa Barbara
Santiago de Chile=Santiago, Chile|Santiago [de Chile]|Santiago-Chile|Santiago do Chile|Santiago (Chile)|Santiago [Chile]|Santiago [de] Chile|Santiago,Chile|Santiago Chile|Santiago - Chile|Santiago [de Chile|Santiago de Chile, Chile|Santiago] Chile|Santiago, Chili|Santiago de Chili
Santiago de Compostela=Santiago de Compostella|Santiago [de Compostela]|Saint-Jacques-de-Compostelle|Santiago de Compostela, La Coruña|Santiago de Compostela, Spain|Santiago di Compostela|Compostela|Compostella|Santiago Compostela|Santiago <[> de Compostela]
Schweinfurt=Schweinfurth|London [i.e. Schweinfurt]
Seattle, WA=Seattle
Sevilla=Seuilla|Sevilla|en Seuilla
Skara=Scarae|Scaris
Sofija=Sofia|Sofiâ
Speyer=Speier|Germanien [i.e. Speyer]
St. Louis, MO=St. Louis|Saint Louis
Stadtamhof=Pedeponti|Pedeponti, vulgò Stadt am Hof propè Rarisbonam|Pedepontani|Pedepontani prope Ratisbonam|Pedeponti, vulgò Stadt am Hoff, prope Ratisbonam|Pedepontii|Stadt am Hof|Stadtamhof|Hoff nächst Regenspurg|Stadt am Hoff|Gedruckt und verlegt zu Stadt am Hoff|Stadt Am Hof bei Regenspurg|Stadt am Hof nebst Regenspurg|Pedepontum, vulgo Stadt am Hof
# multi
Stadtamhof=Monachii et Pedeponti|Monachij et Pedeponti
Stanford, CA=Stanford, Calif|Stanford
Stockholm=Stockholmisa|Stockholmis|Stockholmiae|Stockhom|Stocholm|Stockholmissa|Holmiae|Holmiae?|Stokholmisa|Tukholma|Tukholma?|Stokholmiae|Stockholm|Stockholm?|Stockholmisa ja Turusa|Stockholm, Upsala och Åbo|Tukholma = Stockholm|Stockholm (kuvat)|Stocholmis|Stokkholmisa|Stockholm och Åbo|Stokholm|Stokholmis|Stuckhulmisa|Stukhulmisa|Stukkolmis|Holmiae Sueonum|Holmiae Sveonum
Strassburg=Strasbourg|Argentorati|Strasburg|Straßburg|A Strasbourg|à Strasbourg|Strasburgh|À Strasbourg|[Strasbourg]|a Strasbourg|et à Strasbourg|Et à Strasbourg|Strasburg in der Burgstraße|Strassbourg
Strängnäs=Strengnesiae
Stuttgart=Stuttgart-Bad Cannstatt|Stutgart|Stutgardiae|Stutgardt|Stutgardia|Stutgardiæ|Stutgardiaem|Stuttgardiae|Stuttgard|Stuttgardt|Stuttgardiæ|[Stuttgart]|Deutschland [i.e. Stuttgart]|in Stuttgard|Stuttgarde|Stuttgartiae|Tobolsko=Stuttgart
# multi
Stuttgart=Stuttgardt [Stuttgart] und Tübingen|Stuttgart und Eßlingen
Szczecin=Alten- Stettin|Alten Stettin|Alt. Stettin|Szczecinek|Sedini|Stetini|Stettin
São Paulo=S. Paulo
São Paulo=São Paulo|Sao Paulo
Tallinn=Revaliae|Reval|Tallin
Tartu=Dorpat|Dorpat?|Dorpati|Dorpati Livonorum|Dorpt|Tartu-Dorpat|Dorpt i Lieflandh|Dorpati Livonorvm
Tashkent=Taškent|Taškent|Taskent|Toškent|Toškent|Taškent"|Taŝkent|Taschkent|Toškent]Tachkent|TaÅ¡kent
Tehran=Tehrân|Teheran
Tel Aviv=Tel-Aviv|Tel-ʼAviv|Tel-ʾAbiyb|Tel ʼAviv|Tel-ʾAviv|Tel-ʼAvīv|Tel ʼAvīv|Tel-'Aviv|Tel-Awiw|Tel Awiw|Tel-Abiyb|Tel-`Aviv|Tel ʾAviv|Telʹ-Aviv|Tel 'Aviv|Tel-ʾAvīv|Tel ʾAvīv|Tel-Aʼviv|Tel-Avīv|Tel-'Abiyb|Tel-’Abiyb|Tel Aʼviv|Tel ʾAbiyb|Tel-Oviv|Tel `Aviv|Tel'-Aviv|Tel-́Aviv|Be-Tel-ʼAviv|Tel Aʾviv|Tel 'Avīv|Tel-ʾAvīv|Tel ʼĀvīv|Tel-Aviv, Yiśroel|Tel Avīv|Tel-aviv|Tel-·Avîv|Tel Abiyb|Tel-Abiyb|Tel-Abiyb
Thessalonikē=Thessalonikē|Thessaloniki|Thessalonique|Thessalonike|Thessaloníki|Thessalonikēi|Thessalōnikē|Thesssalonikē
Ticino=Ticini Regii
Tirana=Tiranë
Titograd=Podgorica
Tokyo=Tōkyō|Tōkyō|Tôkyô|Tokyo, Japan|Tokyō|Tōkyo|Tôkyô|`Tokyo|Tokyo]|Tōkȳo|Tokyo [Tokio]|Tokyo [etc.: Kodansha International Ltd|Tôkyo|Tōkyō &c|Tkyo|Tōkyō|Tokyo, Jap.|Tō̄kyō|Tō̄kyō̄|Tokyo|Takyo
Toledo, OH=Toledo, O.
Torino=Turin|A Turin|[Turin]|Turini|Augustae Taurinorum|Augustae Tauricorum|Augustae Taurinerum|Augustae Taurinoum|Taurini|Augustæ Taurinorum|Augusta Taurinorum
Toruń=Toruń|Torun|Toruni|Toruniu|Torun'|Toruń?|Thorn|Thorunii|Thorvnii|Thoruniu|Thoruni
Totowa, NJ=Totawa, NJ|Towota, NJ|Towowa, NJ|Tatowa, NJ
Tournai=Doornik
Trévoux=Trevoux|Trivoltii
Trier=Augustae Trevirorum|Augustae Trevir.|Augustae Treviror.|Augusta Trev.|Augusta Treviror.|Augusta Trevirorum|Augustae Trevororum|Avgvstae Trevirorvm
Trieste=Tergesti|[Triest]|[S.l. Trient]|Triest
Turku=Åbo|Åbo|Aboae|Abo|Å̊bo|Äbo|Aboa|Abóa|Aboæ|Åboae|Aboae|Aboae?|Aboe|Turku|Turku?|Turusa|Prändätty Turusa|Turusa prändätty|Abogiae|Åbo|Åbo?|Åpo|Aboae Finnorum
Turnhout=Turnholt|Turnholti|Turnholti [Turnhout]|Turnholti, Belgium
Tübingen=Tübingen|Tubingae|Tubingæ|Tubingen|Tubingue|Tubingae,|Tubingæ,|Tubinga|Poh Ṭubingen [Tübingen] nidpas bi-defus Yosef Zigmund [Joseph Sigmund]|Tübingen, Germany|Tübingen,|Tübingen Schloss|Tübingen: Mohr|Tübingen [Germany]|Tübinge[n]|Tübingene|Tübingue|TÜbingen|Tübingen am Neckar|Tvbingae|Tvbingæ|Tubingaem
# multi
Tübingen=Tubingæ, Francofirti & Giessæ|Tubingae & Francofurti|Tubingæ & Francofurti|Tubingæ, Francofurti & Giessæ
Ulm=Ulmae|Ulmæ|[Ulm]|King-Tsching [i.e. Ulm]|[Ohne Ort, das heißt Ulm?]|[S.l. Ulm]
# multi
Ulm=Ulm, Franckfurt und Leipzig|Ulm, Stettin|Ulm, Frankfurt und Leipzig|Ulm, Frankfurt|Augspurg und Ulm|Augustae Vindelicorum et Ulmae|Bibliopolae Ulmae|Cairo recte Ulm|Coburgi et Ulmae
Upper Saddle River, NJ=Upper Saddle Rive, NJ|Upper Saddle River, N.J., NJ|Upper Saddle RIver, NJ|Upper Saddle, NJ|Upper Sadle River, NJ
Uppsala=Upsala|Upsalae|Upsalas|I Upsala|Upsalassa|Vpsala|Upsaliae|Ubsaliae|Vpsaliae|Upsalis|Upsaliæ
Utrecht=Trajecti ad Rhen[uv]m|Trajecti ad Rhen[uv]m.|Ultrajecti|Utrecht,|Ultrajecti,|Trajectum ad Rhenum|Trajecti ad Rh|Trajectum ad Rhenvm|Trajecti Ad Rhenum|Traiecti ad Rhenum.|Traiecti ad Rhenum|Traiecti ad Rheneum|Veteri ad Rhenum Trajectu|Traj. ad Rh|Traj. ad Rhenum|& Trajecti ad Rhenum|Ultrajecti ad Rhenum|Traiecti ad Rhenum|Trajectii ad Rhenum|Trai. ad Rh.|Traiectum ad Rhenum|Traiecti ad Rhenum,|Traiecti ad Rhenvm|Traiecti ad Rhenvm,|Trajecti ad Rh.|Ultrajecti ad Rhenum|Trajecti ad Rhenum|Trajecti a. Rh.|Trajecti a. R.|Trajecti ad. Rh.|Ultrajectumban|Ultrajektomban|Traject ad Rhenvm|Trajecti|Trajecti a. M.|Trajecti a. Rhenum|Trajecti ad Rhehum|Trajecti Ad Rhenvm|Trajecti as Rhenum|Ultrajectum|Utrajectum|Trajecti Bat.|Trajecti Batav.|A Utrecht|A Utrecht|à Utrecht|A Utrecht ...|À Utrecht|T'Utrecht|Traiecti a. Rh.|Traecti ad Rhenum
# multi
Utrecht=Amstelaedami et Ultrajecti|Trajecti a. Rh., Schoonhoven
Vaasa=Vasa|Nikolaistad|Nikolainkaupunki|Nikolainkaupungissa|Wasa), Nikolaistad|Wasa (Nikolaistad)|Nikolainkaupunki [Vaasa]|Wasa|Wasasa|Wasae
Valencia=Valentiae|En Valencia|en Valencia|Valenciennes|A Valenciennes|Valencenis|Valenzia|Con licencia, en Valencia|Valentiæ
Vatican=Città del Vaticano|Città del Vaticano?|Vatican City|Cité du Vatican|Cité du Vatican?|Ciudad del Vaticano|Ciudad del Vaticano?|Città del Vaticano|Citta del Vaticano|Vaticanum|Cidade do Vaticano|Vaticano|Città di Vaticano|Civitas Vaticana|Cittá del Vaticano|Civitate Vaticana|Vaticana|Città del Vaticana|Ciudad de Vaticano|Vatican City State|Città de Vaticano|Watykan|Vatikanstadt|Grad Vatikan|Vatikan|Vatikanstdt|Vatikani|Città del Vaticano|Vaticanus|Cité de Vatican|Libr. Ed. Vaticana|Cittàdel Vaticano|Citta' del Vaticano|Città del Vaticano, Roma|City of Vatican|Grad Vatican|Vaticanis|Roma, Cattà del Vaticano|Ex Urbe Vaticana|Cité du Vatican|Citt`a del Vaticano|civitate Vaticana|Città del Vatican|Ex Civitate Vaticana|Citt^a del Vaticano|Urbis Vaticanae|Urbe Vaticana|Citt[833}a del Vaticano|Cidade del Vaticano|Citta del Vaticanis|Cittè del Vaticano|Vaticane|Roma, Citta del Vaticano|Cite du Vatican|E Civitate Vaticana
Venezia=Venetiis|Venetia|Vinegia|Venedig|Venice|In Venetia|In Venezia|Venetijs|[Venedig][Venezia]|[S.l. Venedig]|Venetiae|in Venetia|Venecia|Venetik|I Venetik|[Venetiis]|Venetij|Venise|A Venise|À Venise|Bassano ; [Venezia]|[Venezia]|in Venezia|Si Vende In Venezia|[Venedig]|[Venedig?]|Venedik|[S.l. Venedig?]|Amsterdam [i.e. Venedig?]|In Cosmopoli [i.e. Venedig?]|London [i.e. Venedig]
# multi
Venezia=Venedig u. Amsterdam|Henetiesi, Venedig
Venice, CA=Venice Beach, CA
Verona=Veronae|In Verona|Veronæ|[Verona]|Verone
# multi
Verona=Helmstat, Verona
Vilnius=Wilna|Wilno|Wilno?|Vil'na|Vilnae|Vilna|Vilne|Vil'nûs|Vil'nâ|Vil'no|Vilno|Vilnia|Vilniuje|Vilnah|Vilnâ|Vilniaus|Vil'njus|Vilnûs|Wilnie|Wilne|Vìl'nâ|Vilʹnjus|Viln'ûs|Vil'nius|Vilniae|Vilnæ|Vil'nja|V Vilni|Vilnaʾ|Vilńjus|Vilnja|Vilʹnius|Vilnius [i.e. Joneikiškės (Vilniaus r.)]|Vilnus|Vil'na|Vilnae in Lituania|Wwiylneʿ
Voronezh=Voronež
Vyborg=Wiborg|Wiburgi|Wiburg|Viborg|Wiburisa
Västerås=Arosiae|Wästerås|Westerås
Wallingford=Wallingford, O
Warszawa=Warša|Varshe|Waršah|Warsaw|Varšava|Varsovie|W Warszawie|warszawa|WArszawa|Warszawa|Warszawa|Warsaw|Warsaw, Poland|Warsawa|Warschau|Warsha|Warshe|Warsz.|Varsaviae|Warsza|Warszaw|Warszawa|Warszawie|Warsze|Warszwa|Warszawa?|Warszawa,|Warszawa.|Warszawa]|Varsha|Varshah|Wwaʾršeʿ|Varsovia|Warše|Waršeh|Waršeʿ|Warše]|Wwarše|Warsaw|Waršoy|Be-Warša|Waršo|Waršaʼ|Wwaʾršoʾ|Wwaʾršaʾ|Wwaršah|Warszawwa|Wwaʾršŵy|Wwaʾrše|Warszwwa|Wwa|Wwa.|Wwa'rša'|WWaʾršeʿ|Wwaʾršah|Wwaʾšeʿ|Wwaaʾršeʿ|WWarszawa|Wwaʾšoʾ|Wwaʾrʾšoʾ|Warsaw|Warszava|Warshah|Warshau|waršah|"Warszawa|Warsovie|Warsaviae|Warše|Warsū|Waršā(h)|Waszawa|W[arsza]wa|Waršah|Warša|Waršava|Waršawa|Warša(h)|Waršô|Waršo|Waršā’|Waršoj|Warše|Waršā|Warsaw|Warszawa]|Warszawa "|Warsav|Warsavia|Waršʼa|Waršʾa|Warśa|Waršawya|Warsawie|Warszwawa|Varsaviæ|A Varsovie|Varsava|w Warszawie|[Warszawa]|[Warschau]|A Warsovie|W Warsawie|Warsaviæ|Warschau [fingiert]
# multi
Warszawa=Varsaviae et Lipsiae|Dresden und Warschau|Dreßden u. Warschau|Warschau u. Leipzig
Washington, DC=Washington|Washington,|Washington, DC|Washington D.C.|Washington, D.C.|Washington, D.C
Wetzlar=Wetzlariae|[Wetzlar]|Wetzlariæ|[S.l. Wetzlar?]|Wezlariae|Wezlar|A Wezlar
# multi
Wetzlar=Regensburg und Wetzlar
Wien=Vindobonae|Vienna|Vienne|Viennae|Viennae Austriae|Vien|Viennae Avstriae|Vienna d'Austria|Viennae Pannoniae|Vienne Austrie|Vienn[a]e Austri[a]e|V” Viennĕ|Vienna d' Austria|Vienna d'Avstria|Viennae in Avstria|Vienne Pannonie|Viennae Pannoniae|Wiedeń|[Wien]|Wienn|Viennæ Austriæ|Vienne en Autriche|Viennæ|Vienne En Autriche|Wienn in Oesterreich|Vindobonæ|A Vienne|Viennae Austriae [Wien]|In Vienna|Viennae [Wien]|[Viennae]|Vienna D'Austria|Vienna Austriae|Viennae, Austriae|[Vienna]|Viennae Austria|Viennae Austriæ|Vienne en Austriche|A Vienne en Autriche|[S.l. Wien]|Leider [i.e. Wien]|Madrid und Berlin [i.e. Wien]|Rom und Madrit [i.e. Wien?]|Wien in Oesterreich|[S.l. Wien?]|Wienn [Wien]|Hohenzollern [i.e. Wien]|(Wien)|Gedruckt in Wienn|Leipzig [i.e. Wien]|Germanien [d.i. Wien]|[Wien?]|Frankfurt und Leipzig [i.e. Wien?]|Frankfurt und Leipzig [i.e. Wien]|Wienn in Oesterreich [Wien]|Berlin [i.e. Wien]|Hohenzollern [recte Wien]|Vindobonae [Wien]|[S.l.Wien]|Deutschland [i.e. Wien]|Vienna d'Austria [Wien]|Wienn in Österreich|[S. l. Wien]|Frankfurt u. Leipzig = Wien|Vindobona|[Vindobonae]|Vindoboae|Bibliopolae Vindobonensis|Excudebat Vindobonæ|Vindoboneae|Vindobonens|Bécsben|Frankfurt u. Leipzig [i.e. Wien]|Wahrheitsburg [i.e. Wien]|Cairo [i.e. Wien]|Freiburg [i.e. Wien]|Freiheitsburg [i.e. Wien]|Konstantinopel [i.e. Wien]|Barthsruhe [i.e. Wittenberg]|Berlin und Leipzig [i.e. Wien]|Cherson [i.e. Wien]|Deutschland [i.e. Wien?]|Gedr., nicht in Rom [i.e. Wien]|Germanien [i.e. Wien]|Gibraltar [i.e. Wien]|Ignatienburg  [i.e. Wien]|Judenburg [i.e. Wien]|London [i.e. Wien]|Mohilow [i.e. Wien]|München [i.e. Wien]|Palermo [i.e. Wien]|Philadelphia [i.e. Wien?]|Philadelphia [i.e. Wien]|Pico di Tenariffa [i.e. Wien?]|Pintzkerthal [i.e. Wien]|Rom [i.e. Wien? 1. Aufl.]|Salzburg [i.e. Wien]|Sieghartstein [i.e. Wien]|St. Petersburg und Wien [i.e. Wien]|Stralsund [i.e. Wien]|Thenakel [i.e. Wien]|Wittemberg (i.e. Wien)|Wittemberg (i.e. Wien)|Knüttelhausen [i. e. Wien]|Pantoffelhausen [i. e. Wien]|Amsterdam [i.e. Vienna?]|Viennae, Austria|[S.l. Vienna]|Vienna Austria|Vienna di Austria|Viennae u.a.|A Vienna|apud Augustam Austriacorum Viennam|Apud Augustam Austriacorum Viennam|In Vienna d'Austria|In Vienna d'Avstria|Prostat Viennae Austriae|Venum Dornpaci prope Viennam|Vienna de Austria|Viennae.|Viennae, Augstriae|Viennae, Austr.|Viennae, Austrie|Hohenzollern [i. e. Wien]|zu Wienn|[S. l. Wien?]|[s.l. Wien?]|[Ohne Ort, das heißt Wien?]|[s.a. Wien]|[s.l. Wien]|Berlin = Wien|Deutschland [vielm. Wien]|Elysium = Wien|Gedrukt zu Wien|Hohenzollern [d.i. Wien]|Hohenzollern recte Wien|In der Käyserl. Residentz-Stadt Wienn|in Wien|In Wien|In Wien gedruckt|Paphos [d.i. Wien]|St. Ulrich zu Wienn|Zufänden [!] in Wienn|A Vienne [Wien]|Wien, in Oesterreich|Wien[n]|Wienn gedruckt|Wienna|[S.l.Wienn]|[Wienn]|A Vienne en Autriche [Wien]|À Vienne en Autriche [Wien]|lWien|Mohilow=Wien|Oesterreich [Wien?]|Pantoffelhausen[=Wien]|S. l. [Wien]|Thenakel=Wien|Vienne [Wien]|W. [Wien]|Wahrheitsthal=Wien|Wien : Heyinger, Andreas|Wien [u. a.]|Wien [u.a]|Wien in Oesterr.|Wien in Öesterreich|Wien in Oesterreich [Wien]|Wien in Österreich|Wien u.a.|Wienn in Oestereich|Wiennae
# multi
Wien=Wien und Prag|Wien und Leipzig|Wien und Hohenzollern|Wien und Linz|Wien und Augsburg|Wien und Braunschweig|Wien und Brün|Wien und Innsbruck|Wien und Nürnberg|Wien und Berlin|Wien und Erfurth|Wien und Gräz|Wien und Korneuburg|Wien und München|Viennae et Lipsiae|Viennae Et Lipsiae|Viennae, Pragae et Tergesti|Vienne, Prague et Brünn|Vienne, Prague et Trieste|Wien u. Leipzig|Frankfurt u. Wien|Prag u. Wien|Vindobonae et Lipsiae|Crembsij, Viennae|Pragae et Viennae|Ratisbonae et Viennae|Viennae & Pragae|Vienna & Padoua|Vienna e Lipsia|Vienna, Pragae|Viennae et Pragae|Viennae, Pragae & Tergesti|Viennae, Pragae, et Tergesti|Viennae, Pragae Et Tergesti|Coloniae, Viennae|In Vienna, Ed In Mantova|In Vienna, Et In Milano|Venditur Viennae, Graeci, & Augustae|Viennae-Pragae et Tergesti|Linz und Wien|Innsbruck und Wien|Leipzig Und Wien|Nürnberg und Wien|Paris, Berlin und Wien|Regensburg und Wien|Regenspurg und Wien|Regenspurg und Wienn|Leipzig u. Wien|Regensburg u. Wien|Berlin u. Wien|Nürnberg u. Wien|Regenspurg u. Wien|Prag, Wien|Regenspurg, Wien|Colle, Wien|Leipzig [und] Wien|Leipzig, Wien|Nürnberg, Wien und Linz|Prag, Wien und Leipzig|Prag, Wien, und Leipzig|Wien u. Nürnberg|Prag-Wien|Wien, Prag, Triest|[Wien und Leipzig]|Berlin, Breßlau, [Wien]|Paris, [Wien]|Viennæ, Pragæ et Tergesti [Wien, Prag und Triest]|Wien ; Leipzig|Wien & Prag|Wien u. Grätz|Wien u. Korneuburg|Wien u. Mainz|Wien und Baden|Wien und Grätz|Wien und Klagenfurt|Wien und Ollmütz|Wien, Augspurg, Linz|Wien, Leipzig|Wien, Steinsberg|Wien, Ulm und Kempten|Wien, und Berlin|Wien; Leipzig|Wienn und Leipzig|Wienn und Linz
Wiener Neustadt=Wienerisch-Neustadt|[Wiener Neustadt]|Wiennerisch-Neustadt [Wiener Neustadt]|[Wiener] Neustadt|W. Neustadt [Wiener Neustadt]|Wienerisch Neustadt|Wiennerisch-Neustadt|W. Neustadt|Winnerisch-Neustadt|W[iener] Neustadt|Wien[n]erisch-Neustadt
Wildberg=Wildbergae|Wildbergæ|Wildbergae [Wildberg]|Wilberg [Wildberg]|[Wildberg]
Schloss Wildberg=Wildberg (bei Horn)
Wittenberg=Wittemberg|Wittenberg Lutherstadt|Vitebergae|Vitembergae|Vitembergae Saxonvm|Vittembergae|Vvitebergae|VVitebergae|VVittebergae|Witebergae|Witenbergae|Wittebergae|Wittembergae|Wittenbergae|[Wittenberg]|Witembergae|Wittebergae Saxonum|Wittenbergæ|[S.l. Wittenberg]|Wittebergæ|Vitembergae|Vitembergæ|Vitembergae Saxonum|Vitenbergae|Vittebergae|Vietembergae|Vittembergæ|Vvittenbergae|[S.l.Wittemberg]|[Vitebergae Saxonum]|[Vitebergae]|[Vittembergae]|Virembergae|Vitambergae|Vitebergeae|Vitemberga|Vitembergae [Wittenberg]|Vitembergae ad Albim|Vitembergae Ad Albim|Vitembergae in Saxonibus|Vitembergen|Viterbergae|Vittembergae Saxonum|Vittenbergae|Vvittebergae|Vvittembergae|VVittenbergae|Wirtembergae|Witembergae in Saxonibus|Wittenberg.|[Vitembergae]
# multi
Wittenberg=Wittenberg und Zerbst|Vitembergae et Servestae|Dreßden und Wittenberg|Wittebergae et Servestae|Wittembergae in Saxonibus|Wittenberg & Zerbst|Wittenberg u. Zerbst
Woodland Hills, CA=Woodland, CA
Wolfenbüttel=Wolffenbvttelae|Wolffenbüttel|Wolffenbuttelii|Wolffenbuttelae|Wolffenbüttelae|Wolffenbuttel|Wolffenbvttelii|Wolfenbutteli|Wolfenbuttelae|Wolfenbuttelii|Wolfenbvttelae|Wolfenbvtteli
# multi
Wolfenbüttel=Wolffenbutteli Et Lipsiae|Leipzig und Wolffenbüttel|Wolffenbüttel und Leipzig|Hannover und Wolfenbüttel|Lipsiae et Wolfenbuttelii|Wien und Wolfenbüttel|Wolfenbüttel und Helmstedt
Wrocław=Breslau|Bresslau|Wrocław.?|Wrocławiu|Wroclawiu|Bresslaw|Breslae|Breslaw|Wroclaw|Breßlau|Breßlau [Breslau]|[Breslau]|[S.l. Breslau]|Breßlau [Breslau]|Breszlau|(Breslau)|a Breslau|Breslau (usw.)
Wschowa=Fraustadt|der Königl. Stadt Frau- Stadt|Fraustadii|Frau- Stadt
Würzburg=Würzburg|Wirceburgi|[Würzburg]|Deutschland [i.e. Würzburg]|Philalethopolis [i.e. Würzburg]|Germanien (=Würzburg)|Wirzburg|Herbipoli|[Herbipolis]|Würtzburg|[Würzburzg]|Würzeburgi
# multi
Würzburg=Bamberg und Würzburg|Fulda, Wirzburg [Würzburg] und Bamberg|Germanien (=Würzburg)|Wirzburg und Fulda|Bambergae et Herbipoli|Augustae Vind. & Herbipoli|Augustae et Herbipoli|Augustae & Herbipoli|Augustæ Vind. & Herbipoli|Augustae Vindelicorum et Herbipoli|Bamberg und Würtzburg
Yekaterinburg=Ekaterinburg|Sverdlovsk
Zagreb=[Zagreb]|vu Zagrebu|Vu Zagrebu|Zagrabiae|Zagrabiæ|Zograbiae
Zaltbommel=Zalt-Bommel
Zaragoza=Çaragoça|Zaragoça|Caragoça|Saragoça|Caragoca|Saragozza
Celle=Zelle|[Zelle]
Zolochiv=Złoczów
Zürich=Zürich|Tigvri|Tiguri|Zurich|Germanien [i.e. Zürich]|Cölln [i.e. Zürich]|[Zürich]|(Zürich)|In Zürich|Frankfurt und Leipzig [i. e. Zürich]|Salzburg und Leipzig [das heißt Zürich]|Zyrich|Zyrch
# multi
Zürich=Zürich und Winterthur
Zweibrücken=Biponti
Zwolle=Carlsruhe [i.e. Zwolle]
Århus=Aarhus
Évora=Eborae|Evora
Łódź=Lodz|Lodz'
Łódź=Łodź
Świdnica=Schweidnitz
Beirut=Bayrūt|Bayrūt|Bejrut
Charlottesville, VA=Charlottesville
Gainesville, FL=Gainesville
Burlington, VT=Burlington
Honolulu, HI=Honolulu
Woodbridge, NJ=Woodbridge
Baton Rouge, LA=Baton Rouge
Albuquerque, NM=Albuquerque
Lexington, MA=Lexington
Carbondale, IL=Carbondale
Debrecen=Debretin|Debreczen|Debreczini|Debrecini|Debreczenben|Debreczenbenn|Debrezen
Marosvásárhely=Marasvásárhely [Târgu Mureș]|Marosváráhely [Târgu-Mureș]|Marosvásáehely [Târgu Mureș]|Marosvásárhel|Marosvásarhely [Târgu Mureș]|Marosvásarhély [Târgu Mureș]|Marosvásárhely [Târgu Mureș]|Marosvasarhely [Târgu-Mureș]|Marosvásarhely [Târgu-Mureș]|Marosvásarhély [Târgu-Mureș]|Marosvásárhely [Târgu-Mureș]|Marosvásárhely [Tg. Mureș]|Marosvásárhelyi [Târgu Mureș]|Marosvásárhelyi [Târgu-Mureș]|Marosvásáthely [Târgu-Mureș]|Márosvasarhély [Târgu-Mureș]|Márosvásárhely [Târgu-Mureș]|Masorvásárhely [Târgu-Mureș]|Tărgu Mureș|Târgu-Mureș|Tg. Mureș|Târgu Mureș|Márosvásárhely
Kolozsvár=Kolosvár [Cluj-Napoca]|Koloszvár|Koloszvár (Cluj-Napoca)|Koloszvár [Cluj- Napoca]|Koloszvár [Cluj-Napoca]|Kolozsár|Kolozsár [Cluj-Napoca]|Kolozsvar|Kolozsvár [Cluj Napoca]|Kolozsvár [Cluj- Napoca]|Kolozsvár [Cluj-Napoca|Kolozsvar [Cluj-Napoca]|Kolozsvár [Cluj-Napoca]|Kolozsvár [Cluj]|Kolozsvár] Cluj-Napoca|Kolozvár|Kolozvár [Cluj Napoca]|Kolozvár [Cluj-Napoca]|Cluj-Napoca|KluÄµo [Cluj-Napoca]|Lolosvár [Cluj-Napoca]|Cluj-Napoca|Cluj|Claudiopoli|Claudiopolis|Claudopoli|Kolozsvartt|Kolozvar|Clausenburg
# multi
Kolozsvár=Kolozsvar es Szeben
Sepsiszentgyörgy=Sfântu Gheorghe|Sepsiszentgyörgy [Sfântu Gheorghe]|Sepsiszentgyörgy [Sfântu-Gheorghe]|Sepsisizentgyörgy [Sfântu Gheorghe]|Sepsiszentgörgy [Sfântu-Gheorghe]|SepsiszentgyÃrgy [Sfântu Gheorghe]|Sepsiszentgyörgyi [Sfântu-Gheorghe]|Sepiszentgyörgy [Sfântu Gheorghe]|Sepsiszentgörgy [Sfântu Gheorghe]|Sepsiszentgyörgy [Sf. Gheorghe]|Sepsiszentgyörgy [Sf.Gheorghe]|Sepsiszentgyörgy [Sfântul-Gheorghe]|Sepsiszentgyorgyi [Sfântu-Gheorghe]|Sepsizentgyörgy [Sfântu Gheorghe]|Sepsi-Szentgyörgy|Sepsiszentgörgy|Sepsiszentgőrgy|Sepsiszentgyörgy [Sfântu-Gheroghe]|Sfântul Gheorghe
Csíkszereda=Csíkszereda [Miercurea Ciuc]|Miercurea Ciuc|Csíkszereda [Miercurea-Ciuc]|Csikszereda [Miercurea-Ciuc]|Csiíkszereda [Miercurea Ciuc]|Csíksereda [Miercurea-Ciuc]|Csíksereda [Miercurea Ciuc]|Csikszereda [Miercurea Ciuc]|Csíkszereda [Mircurea-Ciuc]|Csíksszereda [Miercurea Ciuc]|Csíkszeredu [Miercurea Ciuc]|Csíszereda [Miercurea Ciuc]|Ksíkszereda [Miercurea-Ciuc]|Miercurea-Ciuc|Csikszereda|Csinszereda
Brassó=Brașov|Brassó [Brașov]
Szatmárnémeti=Satu Mare|Szatmárnémeti [Satu Mare]|Szatmárnémeti [Satu-Mare]|Szatmár [Satu-Mare]|Szatmarnémeti
Nagyvárad=Oradea|Nagyvárad [Oradea]|Ngyvárad [Oradea]|Nayvárad [Oradea]|Nsgyvárad [Oradea]|Magno-Varadini|[Nagyvárad]
Gyergyószentmiklós=Gyergyószentmiklós [Gheorgheni]|Gyergyószentmiklós [Gheorghieni]|Gheorgheni (Gyergyószentmiklós)|Gheorgheni [Gyergyószentmiklós]|Gyeryószentmiklós [Gheorghieni]|Gheorgheni|Gheorghieni|Gyergyószentmikos
Székelyudvarhely=Odorheiu Secuiesc|Székelyudvarhely [Odorheiu Secuiesc]|Székelyudvarhely [Odorheiul Secuiesc]|Odorheiu-Secuiesc|Székelyudvarhely [Odorheiu-Secuiesc]|Székerlyudvarhely [Odorheiu Secuiesc]|Odorhei|Odorheiul Secuiesc|Székelyudvarhely [Odorheiul-Secuiesc]|Székelyudvarhelyi [Odorheiu-Secuiesc]|Székelyndvarhelyen
Temesvár=Temesvár [Timișoara]|Timişoara|TimiÅ¡vár [Timișoara]|Timisoara|Timișoara
Marosszentgyörgy=Marosszentgyörgy [Sângeorgiu de Mureș]|Sângeorgiu de Mureș|Sângiorgiu de Mureș|Sângeorziu de Mureș
Nagybánya=Baia Mare
Gyulafehérvár=Gyulafehérvár [Alba Iulia]|Gyulafehérvár [Alba-Iulia]|Gyulaféhervar [Alba-Iulia]|Alba Iulia|Albae Carolinae|Albae-Carolinae|Albo-Carolinae
Érmihályfalva=Ãrmihályfalva [Valea lui Mihai]
Székesfehérvár=Szekesfehervar
Gyergyószárhegy=Ghyergyószárhegy|Gyergyószárhegy [Gheorghieni]
Kézdivásárhely=Kézdivásárhely [Târgu-Secuiesc]|Kézdivásárhely [Târgu Secuiesc]|Kézdivásárhely|Kézdivásarhely [Târgu-Secuiesc]|Târgu Secuiesc [Kézdivásárhely]|Târgu Secuiesc|Kézdlvásárhely [Târgu-Secuiesc]
Nagyszalonta=Nagyszalonta [Salonta]
Banská Bystrica=W. B. Bistrycy|Neosolii [Neusohl]|Neosolii
Beszterce=Beszterce [Bistrița]|Bistrița
Nyíregyháza=Nyiregyháza|Nyíregháza|Nyiregháza
Lugos=Lugos [Lugoj]|Lugoj
Resicabánya=Resicabánya [Reșița]|Reșița
Székelykeresztúr=Székelykeresztúr [Cristuru Secuiesc]
Torda=Torda [Turda]|Turda
Segesvár=Segesvár [Sighișoara]
Szílágycseh=Szílagycseh [Cehu Silvaniei]
Veszprém=Veszprem|Vészprém
Újvidék=Ujvídék
Gyula=Giula|Giula [Gyula]
Győr=Gyor|Jaurini|Iavrini
Kovászna=Covasna
Barót=Baraolt|Barót [Baraolt]
Magyarlápos=Târgu Lăpuș
Zilah=Zalău
Felsőboldogfalva=Feliceni
Fogaras=Făgăraș
Vajdahunyad=Hunedoara
Pécs=Pecs|Pécsi
Kisbács=Baciu
Balázsfalva=Blaj
Fenyéd=Fenyéd [Brădești]|Brădești
Váradcsehi=Cihei
Dés=Dej
Ferde=Fârdea
Szászfenes=Florești
Vidombák=Ghimbav
Avasfelsőfalu=Negrești-Oaș
Portland, OR=Portland-Oregon
Négyfalu=Săcele
Szekszárd=Szekzárd|Szekszád
Vörösberény=Vörösbereny
Nagyszombat=Tyrnaviae|Tyrnaviæ|Tyrnavia|[Tyrnaviae]|Nagy-Szombat|Nagy-Szombatban|Nagy-Szombathan|Nagy-Szombatöan|Nagy-Szombot|Nagyszombatban|Nagyszombathan|Tirnaviae|Typis Tirnaviensibus|Trynaviae|Tynaviæ
Vác=Vátzon
Nagykároly=Magno-Karolini|Nagy-Karoly
Nagyszeben=Nagyszehen|Hermannstadt|[Hermannstadt]|[S.l. Hermannstadt]|Hermannipoli|Cibinii|[Cibinii]|Cibinii Transilvaniae|Cibinii, In Transiluania|N. Szebenben|Szebenben|Herrmannstadt|Herrmann-Stadt
# multi
Nagyszeben=Cibinii et Claudiopoli
Eger=Agriae|Agriæ|Egerben
Szombathely=Szombathelyen
Sopron=Sopronii|Sopronban|Sopronii, Oedenburg|Sopronyb|Oedenburg|Ödenburg|Oedenburgo|[Ödenburg]|Frankofurtumban [i.e. Ödenburg]|Oedenburg gedruckt
Kassa=Kassan|Kaschau|Kassán|[Kaschau]|Kaschau in Ober-Hungarn [Košice]|Cassoviae|Cassoviæ|Cassovia|Caschau
# multi
Kassa=Posonii & Cassoviae|Posonii Et Cassoviae|Pestini, Budae et Cassoviae|Pestini, Budae, Cassoviae|Pestini, Bvdae et Cassoviae
Selmecbánya=[Schemnitz]|Schemnitz|Cheminitii|Chemnicii|Chemnitii
# multi
Selmecbánya=Chemnitii et Lipsiae
Komárom=Comaromii|Komarom|Komáromban
Levoča=Leutschoviae|Leutschoviæ|Leutschoviae [Leutschau]|Levtschoviae
